timestamp, memory.used [MiB], utilization.gpu [%]
2026/09/06 07:38:32.053, 0 MiB, 0 %
2026/09/06 07:38:32.553, 0 MiB, 0 %
2026/09/06 07:38:33.053, 0 MiB, 0 %
2026/09/06 07:38:33.554, 0 MiB, 0 %
2026/09/06 07:38:34.054, 0 MiB, 0 %
2026/09/06 07:38:34.554, 0 MiB, 0 %
2026/09/06 07:38:35.055, 0 MiB, 0 %
2026/09/06 07:38:35.555, 0 MiB, 0 %
2026/09/06 07:38:36.055, 0 MiB, 0 %
2026/09/06 07:38:36.556, 0 MiB, 0 %
2026/09/06 07:38:37.056, 4 MiB, 0 %
2026/09/06 07:38:37.556, 4 MiB, 0 %
2026/09/06 07:38:38.057, 4 MiB, 0 %
2026/09/06 07:38:38.557, 4 MiB, 0 %
2026/09/06 07:38:39.057, 4 MiB, 0 %
2026/09/06 07:38:39.558, 312 MiB, 2 %
2026/09/06 07:38:40.058, 312 MiB, 0 %
2026/09/06 07:38:40.558, 312 MiB, 0 %
2026/09/06 07:38:41.059, 312 MiB, 0 %
2026/09/06 07:38:41.559, 312 MiB, 0 %
2026/09/06 07:38:42.059, 312 MiB, 0 %
2026/09/06 07:38:42.560, 312 MiB, 0 %
2026/09/06 07:38:43.060, 312 MiB, 0 %
2026/09/06 07:38:43.560, 312 MiB, 0 %
2026/09/06 07:38:44.060, 312 MiB, 0 %
2026/09/06 07:38:44.561, 312 MiB, 0 %
2026/09/06 07:38:45.061, 312 MiB, 0 %
2026/09/06 07:38:45.562, 312 MiB, 0 %
2026/09/06 07:38:46.062, 312 MiB, 0 %
2026/09/06 07:38:46.562, 312 MiB, 0 %
2026/09/06 07:38:47.062, 312 MiB, 0 %
2026/09/06 07:38:47.563, 312 MiB, 0 %
2026/09/06 07:38:48.063, 312 MiB, 0 %
2026/09/06 07:38:48.563, 312 MiB, 0 %
2026/09/06 07:38:49.064, 312 MiB, 0 %
2026/09/06 07:38:49.564, 312 MiB, 0 %
2026/09/06 07:38:50.064, 312 MiB, 0 %
2026/09/06 07:38:50.565, 312 MiB, 0 %
2026/09/06 07:38:51.065, 312 MiB, 0 %
2026/09/06 07:38:51.566, 312 MiB, 0 %
2026/09/06 07:38:52.066, 312 MiB, 0 %
2026/09/06 07:38:52.566, 312 MiB, 0 %
2026/09/06 07:38:53.067, 312 MiB, 0 %
2026/09/06 07:38:53.567, 312 MiB, 0 %
2026/09/06 07:38:54.067, 312 MiB, 0 %
2026/09/06 07:38:54.567, 312 MiB, 0 %
2026/09/06 07:38:55.068, 312 MiB, 0 %
2026/09/06 07:38:55.568, 312 MiB, 0 %
2026/09/06 07:38:56.068, 312 MiB, 0 %
2026/09/06 07:38:56.569, 312 MiB, 0 %
2026/09/06 07:38:57.069, 312 MiB, 0 %
2026/09/06 07:38:57.569, 312 MiB, 0 %
2026/09/06 07:38:58.070, 312 MiB, 0 %
2026/09/06 07:38:58.570, 312 MiB, 0 %
2026/09/06 07:38:59.070, 312 MiB, 0 %
2026/09/06 07:38:59.571, 312 MiB, 0 %
2026/09/06 07:39:00.071, 312 MiB, 0 %
2026/09/06 07:39:00.572, 312 MiB, 0 %
2026/09/06 07:39:01.072, 312 MiB, 0 %
2026/09/06 07:39:01.572, 312 MiB, 0 %
2026/09/06 07:39:02.072, 312 MiB, 0 %
2026/09/06 07:39:02.573, 312 MiB, 0 %
2026/09/06 07:39:03.073, 312 MiB, 0 %
2026/09/06 07:39:03.573, 312 MiB, 0 %
2026/09/06 07:39:04.074, 312 MiB, 0 %
2026/09/06 07:39:04.574, 312 MiB, 0 %
2026/09/06 07:39:05.074, 312 MiB, 0 %
2026/09/06 07:39:05.575, 312 MiB, 0 %
2026/09/06 07:39:06.075, 312 MiB, 0 %
2026/09/06 07:39:06.575, 312 MiB, 0 %
2026/09/06 07:39:07.076, 312 MiB, 0 %
2026/09/06 07:39:07.576, 312 MiB, 0 %
2026/09/06 07:39:08.076, 312 MiB, 0 %
2026/09/06 07:39:08.576, 312 MiB, 0 %
2026/09/06 07:39:09.077, 312 MiB, 0 %
2026/09/06 07:39:09.577, 312 MiB, 0 %
2026/09/06 07:39:10.077, 312 MiB, 0 %
2026/09/06 07:39:10.578, 312 MiB, 0 %
2026/09/06 07:39:11.078, 312 MiB, 0 %
2026/09/06 07:39:11.578, 312 MiB, 0 %
2026/09/06 07:39:12.079, 312 MiB, 0 %
2026/09/06 07:39:12.579, 312 MiB, 0 %
2026/09/06 07:39:13.079, 312 MiB, 0 %
2026/09/06 07:39:13.580, 312 MiB, 0 %
2026/09/06 07:39:14.080, 312 MiB, 0 %
2026/09/06 07:39:14.580, 312 MiB, 0 %
2026/09/06 07:39:15.080, 312 MiB, 0 %
2026/09/06 07:39:15.581, 312 MiB, 0 %
2026/09/06 07:39:16.081, 312 MiB, 0 %
2026/09/06 07:39:16.581, 312 MiB, 0 %
2026/09/06 07:39:17.082, 312 MiB, 0 %
2026/09/06 07:39:17.582, 312 MiB, 0 %
2026/09/06 07:39:18.082, 312 MiB, 0 %
2026/09/06 07:39:18.582, 312 MiB, 0 %
2026/09/06 07:39:19.083, 312 MiB, 0 %
2026/09/06 07:39:19.583, 312 MiB, 0 %
2026/09/06 07:39:20.083, 312 MiB, 0 %
2026/09/06 07:39:20.583, 312 MiB, 0 %
2026/09/06 07:39:21.084, 312 MiB, 0 %
2026/09/06 07:39:21.584, 312 MiB, 0 %
2026/09/06 07:39:22.084, 312 MiB, 0 %
2026/09/06 07:39:22.585, 312 MiB, 0 %
2026/09/06 07:39:23.085, 312 MiB, 0 %
2026/09/06 07:39:23.585, 312 MiB, 0 %
2026/09/06 07:39:24.086, 312 MiB, 0 %
2026/09/06 07:39:24.586, 312 MiB, 0 %
2026/09/06 07:39:25.086, 312 MiB, 0 %
2026/09/06 07:39:25.586, 312 MiB, 0 %
2026/09/06 07:39:26.087, 312 MiB, 0 %
2026/09/06 07:39:26.587, 312 MiB, 0 %
2026/09/06 07:39:27.087, 312 MiB, 0 %
2026/09/06 07:39:27.588, 312 MiB, 0 %
2026/09/06 07:39:28.088, 312 MiB, 0 %
2026/09/06 07:39:28.588, 312 MiB, 0 %
2026/09/06 07:39:29.089, 312 MiB, 0 %
2026/09/06 07:39:29.589, 312 MiB, 0 %
2026/09/06 07:39:30.089, 312 MiB, 0 %
2026/09/06 07:39:30.590, 312 MiB, 0 %
2026/09/06 07:39:31.090, 312 MiB, 0 %
2026/09/06 07:39:31.591, 312 MiB, 0 %
2026/09/06 07:39:32.091, 312 MiB, 0 %
2026/09/06 07:39:32.591, 312 MiB, 0 %
2026/09/06 07:39:33.092, 312 MiB, 0 %
2026/09/06 07:39:33.592, 312 MiB, 0 %
2026/09/06 07:39:34.092, 312 MiB, 0 %
2026/09/06 07:39:34.593, 312 MiB, 0 %
2026/09/06 07:39:35.093, 312 MiB, 0 %
2026/09/06 07:39:35.593, 312 MiB, 0 %
2026/09/06 07:39:36.094, 312 MiB, 0 %
2026/09/06 07:39:36.594, 312 MiB, 0 %
2026/09/06 07:39:37.094, 312 MiB, 0 %
2026/09/06 07:39:37.594, 312 MiB, 0 %
2026/09/06 07:39:38.095, 312 MiB, 0 %
2026/09/06 07:39:38.595, 312 MiB, 0 %
2026/09/06 07:39:39.095, 312 MiB, 0 %
2026/09/06 07:39:39.596, 312 MiB, 0 %
2026/09/06 07:39:40.096, 312 MiB, 0 %
2026/09/06 07:39:40.596, 312 MiB, 0 %
2026/09/06 07:39:41.097, 312 MiB, 0 %
2026/09/06 07:39:41.597, 312 MiB, 0 %
2026/09/06 07:39:42.097, 312 MiB, 0 %
2026/09/06 07:39:42.597, 312 MiB, 0 %
2026/09/06 07:39:43.098, 312 MiB, 0 %
2026/09/06 07:39:43.598, 600 MiB, 2 %
2026/09/06 07:39:44.098, 920 MiB, 0 %
2026/09/06 07:39:44.599, 920 MiB, 0 %
2026/09/06 07:39:45.099, 920 MiB, 0 %
2026/09/06 07:39:45.599, 920 MiB, 0 %
2026/09/06 07:39:46.099, 920 MiB, 0 %
2026/09/06 07:39:46.600, 920 MiB, 0 %
2026/09/06 07:39:47.100, 920 MiB, 0 %
2026/09/06 07:39:47.600, 920 MiB, 0 %
2026/09/06 07:39:48.101, 920 MiB, 0 %
2026/09/06 07:39:48.601, 920 MiB, 0 %
2026/09/06 07:39:49.101, 920 MiB, 0 %
2026/09/06 07:39:49.601, 920 MiB, 0 %
2026/09/06 07:39:50.102, 920 MiB, 0 %
2026/09/06 07:39:50.602, 920 MiB, 0 %
2026/09/06 07:39:51.102, 920 MiB, 0 %
2026/09/06 07:39:51.603, 920 MiB, 0 %
2026/09/06 07:39:52.103, 920 MiB, 0 %
2026/09/06 07:39:52.603, 920 MiB, 0 %
2026/09/06 07:39:53.103, 920 MiB, 0 %
2026/09/06 07:39:53.604, 920 MiB, 0 %
2026/09/06 07:39:54.104, 920 MiB, 0 %
2026/09/06 07:39:54.604, 920 MiB, 0 %
2026/09/06 07:39:55.105, 920 MiB, 0 %
2026/09/06 07:39:55.605, 920 MiB, 0 %
2026/09/06 07:39:56.105, 920 MiB, 0 %
2026/09/06 07:39:56.606, 920 MiB, 0 %
2026/09/06 07:39:57.106, 920 MiB, 0 %
2026/09/06 07:39:57.606, 920 MiB, 0 %
2026/09/06 07:39:58.106, 920 MiB, 0 %
2026/09/06 07:39:58.607, 920 MiB, 0 %
2026/09/06 07:39:59.107, 920 MiB, 0 %
2026/09/06 07:39:59.608, 920 MiB, 0 %
2026/09/06 07:40:00.108, 920 MiB, 0 %
2026/09/06 07:40:00.608, 920 MiB, 0 %
2026/09/06 07:40:01.109, 920 MiB, 0 %
2026/09/06 07:40:01.609, 920 MiB, 0 %
2026/09/06 07:40:02.109, 920 MiB, 0 %
2026/09/06 07:40:02.609, 920 MiB, 0 %
2026/09/06 07:40:03.110, 920 MiB, 0 %
2026/09/06 07:40:03.610, 920 MiB, 0 %
2026/09/06 07:40:04.110, 920 MiB, 0 %
2026/09/06 07:40:04.611, 920 MiB, 0 %
2026/09/06 07:40:05.111, 920 MiB, 0 %
2026/09/06 07:40:05.611, 920 MiB, 0 %
2026/09/06 07:40:06.111, 958 MiB, 5 %
2026/09/06 07:40:06.612, 958 MiB, 6 %
2026/09/06 07:40:07.112, 958 MiB, 0 %
2026/09/06 07:40:07.612, 958 MiB, 0 %
2026/09/06 07:40:08.113, 958 MiB, 0 %
2026/09/06 07:40:08.613, 958 MiB, 0 %
2026/09/06 07:40:09.113, 958 MiB, 0 %
2026/09/06 07:40:09.614, 958 MiB, 0 %
2026/09/06 07:40:10.114, 958 MiB, 0 %
2026/09/06 07:40:10.614, 958 MiB, 0 %
2026/09/06 07:40:11.114, 958 MiB, 0 %
2026/09/06 07:40:11.615, 958 MiB, 0 %
2026/09/06 07:40:12.115, 958 MiB, 0 %
2026/09/06 07:40:12.615, 958 MiB, 0 %
2026/09/06 07:40:13.116, 958 MiB, 0 %
2026/09/06 07:40:13.616, 958 MiB, 0 %
2026/09/06 07:40:14.116, 958 MiB, 0 %
2026/09/06 07:40:14.617, 958 MiB, 0 %
2026/09/06 07:40:15.117, 958 MiB, 0 %
2026/09/06 07:40:15.617, 958 MiB, 0 %
2026/09/06 07:40:16.118, 958 MiB, 0 %
2026/09/06 07:40:16.618, 958 MiB, 0 %
2026/09/06 07:40:17.118, 958 MiB, 0 %
2026/09/06 07:40:17.618, 958 MiB, 0 %
2026/09/06 07:40:18.118, 958 MiB, 0 %
2026/09/06 07:40:18.619, 1502 MiB, 10 %
2026/09/06 07:40:19.119, 1694 MiB, 0 %
2026/09/06 07:40:19.619, 1694 MiB, 0 %
2026/09/06 07:40:20.120, 1694 MiB, 0 %
2026/09/06 07:40:20.620, 1694 MiB, 0 %
2026/09/06 07:40:21.120, 1694 MiB, 0 %
2026/09/06 07:40:21.621, 1694 MiB, 0 %
2026/09/06 07:40:22.121, 1694 MiB, 0 %
2026/09/06 07:40:22.621, 1694 MiB, 0 %
2026/09/06 07:40:23.122, 1694 MiB, 0 %
2026/09/06 07:40:23.622, 1694 MiB, 0 %
2026/09/06 07:40:24.122, 1694 MiB, 0 %
2026/09/06 07:40:24.622, 1694 MiB, 0 %
2026/09/06 07:40:25.123, 1694 MiB, 0 %
2026/09/06 07:40:25.623, 1694 MiB, 0 %
2026/09/06 07:40:26.123, 1694 MiB, 0 %
2026/09/06 07:40:26.624, 1694 MiB, 0 %
2026/09/06 07:40:27.124, 1694 MiB, 0 %
2026/09/06 07:40:27.624, 1694 MiB, 0 %
2026/09/06 07:40:28.125, 1694 MiB, 0 %
2026/09/06 07:40:28.625, 1694 MiB, 0 %
2026/09/06 07:40:29.125, 1694 MiB, 0 %
2026/09/06 07:40:29.626, 1694 MiB, 0 %
2026/09/06 07:40:30.126, 1694 MiB, 0 %
2026/09/06 07:40:30.626, 1694 MiB, 0 %
2026/09/06 07:40:31.126, 1694 MiB, 0 %
2026/09/06 07:40:31.627, 1694 MiB, 0 %
2026/09/06 07:40:32.127, 1694 MiB, 0 %
2026/09/06 07:40:32.627, 1694 MiB, 0 %
2026/09/06 07:40:33.128, 1694 MiB, 0 %
2026/09/06 07:40:33.628, 1694 MiB, 0 %
2026/09/06 07:40:34.128, 1694 MiB, 0 %
2026/09/06 07:40:34.629, 1694 MiB, 5 %
2026/09/06 07:40:35.129, 1694 MiB, 0 %
2026/09/06 07:40:35.629, 1694 MiB, 3 %
2026/09/06 07:40:36.129, 1694 MiB, 3 %
2026/09/06 07:40:36.630, 1694 MiB, 0 %
2026/09/06 07:40:37.130, 1694 MiB, 0 %
2026/09/06 07:40:37.630, 1694 MiB, 0 %
2026/09/06 07:40:38.131, 1694 MiB, 0 %
2026/09/06 07:40:38.631, 1694 MiB, 65 %
2026/09/06 07:40:39.131, 1694 MiB, 0 %
2026/09/06 07:40:39.632, 1694 MiB, 29 %
2026/09/06 07:40:40.132, 1694 MiB, 63 %
2026/09/06 07:40:40.632, 1694 MiB, 88 %
2026/09/06 07:40:41.132, 1694 MiB, 0 %
2026/09/06 07:40:41.633, 1694 MiB, 75 %
2026/09/06 07:40:42.133, 1694 MiB, 78 %
2026/09/06 07:40:42.633, 1694 MiB, 48 %
2026/09/06 07:40:43.134, 1694 MiB, 94 %
2026/09/06 07:40:43.634, 1694 MiB, 64 %
2026/09/06 07:40:44.134, 1694 MiB, 50 %
2026/09/06 07:40:44.634, 1694 MiB, 99 %
2026/09/06 07:40:45.135, 1694 MiB, 93 %
2026/09/06 07:40:45.635, 1694 MiB, 7 %
2026/09/06 07:40:46.135, 1694 MiB, 99 %
2026/09/06 07:40:46.636, 1694 MiB, 54 %
2026/09/06 07:40:47.136, 1694 MiB, 89 %
2026/09/06 07:40:47.637, 1694 MiB, 55 %
2026/09/06 07:40:48.137, 1694 MiB, 66 %
2026/09/06 07:40:48.637, 1694 MiB, 28 %
2026/09/06 07:40:49.138, 1694 MiB, 87 %
2026/09/06 07:40:49.638, 1694 MiB, 95 %
2026/09/06 07:40:50.138, 1694 MiB, 56 %
2026/09/06 07:40:50.639, 1694 MiB, 100 %
2026/09/06 07:40:51.139, 1694 MiB, 87 %
2026/09/06 07:40:51.639, 1694 MiB, 29 %
2026/09/06 07:40:52.139, 1694 MiB, 83 %
2026/09/06 07:40:52.640, 1694 MiB, 95 %
2026/09/06 07:40:53.140, 1694 MiB, 31 %
2026/09/06 07:40:53.640, 1694 MiB, 59 %
2026/09/06 07:40:54.141, 1694 MiB, 96 %
2026/09/06 07:40:54.641, 1694 MiB, 14 %
2026/09/06 07:40:55.141, 1694 MiB, 99 %
2026/09/06 07:40:55.642, 1694 MiB, 75 %
2026/09/06 07:40:56.142, 1694 MiB, 0 %
2026/09/06 07:40:56.642, 1694 MiB, 0 %
2026/09/06 07:40:57.143, 2046 MiB, 0 %
2026/09/06 07:40:57.643, 2366 MiB, 1 %
2026/09/06 07:40:58.143, 2366 MiB, 91 %
2026/09/06 07:40:58.644, 2366 MiB, 86 %
2026/09/06 07:40:59.144, 2366 MiB, 0 %
2026/09/06 07:40:59.644, 2366 MiB, 100 %
2026/09/06 07:41:00.145, 2366 MiB, 98 %
2026/09/06 07:41:00.645, 2366 MiB, 94 %
2026/09/06 07:41:01.145, 2366 MiB, 15 %
2026/09/06 07:41:01.646, 2366 MiB, 76 %
2026/09/06 07:41:02.146, 2366 MiB, 98 %
2026/09/06 07:41:02.646, 2366 MiB, 94 %
2026/09/06 07:41:03.147, 2366 MiB, 45 %
2026/09/06 07:41:03.647, 2366 MiB, 58 %
2026/09/06 07:41:04.147, 2366 MiB, 98 %
2026/09/06 07:41:04.648, 2366 MiB, 72 %
2026/09/06 07:41:05.148, 2366 MiB, 65 %
2026/09/06 07:41:05.648, 2366 MiB, 97 %
2026/09/06 07:41:06.149, 2366 MiB, 84 %
2026/09/06 07:41:06.649, 2366 MiB, 25 %
2026/09/06 07:41:07.149, 2366 MiB, 81 %
2026/09/06 07:41:07.650, 2366 MiB, 93 %
2026/09/06 07:41:08.150, 2366 MiB, 14 %
2026/09/06 07:41:08.650, 2366 MiB, 98 %
2026/09/06 07:41:09.150, 2366 MiB, 75 %
2026/09/06 07:41:09.651, 2366 MiB, 99 %
2026/09/06 07:41:10.151, 2366 MiB, 94 %
2026/09/06 07:41:10.651, 2366 MiB, 42 %
2026/09/06 07:41:11.152, 2366 MiB, 99 %
2026/09/06 07:41:11.652, 2366 MiB, 100 %
2026/09/06 07:41:12.152, 2366 MiB, 98 %
2026/09/06 07:41:12.653, 2366 MiB, 75 %
2026/09/06 07:41:13.153, 2366 MiB, 97 %
2026/09/06 07:41:13.654, 2366 MiB, 1 %
2026/09/06 07:41:14.154, 2366 MiB, 43 %
2026/09/06 07:41:14.654, 2366 MiB, 97 %
2026/09/06 07:41:15.154, 2366 MiB, 95 %
2026/09/06 07:41:15.655, 2366 MiB, 3 %
2026/09/06 07:41:16.155, 2366 MiB, 63 %
2026/09/06 07:41:16.655, 2366 MiB, 41 %
2026/09/06 07:41:17.156, 2366 MiB, 100 %
2026/09/06 07:41:17.656, 2366 MiB, 93 %
2026/09/06 07:41:18.156, 2366 MiB, 86 %
2026/09/06 07:41:18.657, 2366 MiB, 58 %
2026/09/06 07:41:19.157, 2366 MiB, 55 %
2026/09/06 07:41:19.657, 2366 MiB, 99 %
2026/09/06 07:41:20.158, 2366 MiB, 98 %
2026/09/06 07:41:20.658, 2366 MiB, 96 %
2026/09/06 07:41:21.158, 2366 MiB, 52 %
2026/09/06 07:41:21.658, 2366 MiB, 99 %
2026/09/06 07:41:22.159, 2366 MiB, 99 %
2026/09/06 07:41:22.659, 2366 MiB, 94 %
2026/09/06 07:41:23.159, 2366 MiB, 23 %
2026/09/06 07:41:23.660, 2366 MiB, 82 %
2026/09/06 07:41:24.160, 2366 MiB, 100 %
2026/09/06 07:41:24.660, 2366 MiB, 96 %
2026/09/06 07:41:25.161, 2366 MiB, 10 %
2026/09/06 07:41:25.661, 2366 MiB, 89 %
2026/09/06 07:41:26.161, 2366 MiB, 58 %
2026/09/06 07:41:26.662, 2366 MiB, 98 %
2026/09/06 07:41:27.162, 2366 MiB, 71 %
2026/09/06 07:41:27.662, 2366 MiB, 80 %
2026/09/06 07:41:28.163, 2366 MiB, 7 %
2026/09/06 07:41:28.663, 2366 MiB, 100 %
2026/09/06 07:41:29.164, 2366 MiB, 100 %
2026/09/06 07:41:29.664, 2366 MiB, 10 %
2026/09/06 07:41:30.164, 2366 MiB, 95 %
2026/09/06 07:41:30.664, 2366 MiB, 94 %
2026/09/06 07:41:31.165, 2366 MiB, 0 %
2026/09/06 07:41:31.665, 2366 MiB, 100 %
2026/09/06 07:41:32.165, 2366 MiB, 94 %
2026/09/06 07:41:32.666, 2366 MiB, 75 %
2026/09/06 07:41:33.166, 2366 MiB, 6 %
2026/09/06 07:41:33.666, 2366 MiB, 62 %
2026/09/06 07:41:34.167, 2366 MiB, 98 %
2026/09/06 07:41:34.667, 2366 MiB, 98 %
2026/09/06 07:41:35.167, 2366 MiB, 39 %
2026/09/06 07:41:35.668, 2366 MiB, 93 %
2026/09/06 07:41:36.168, 2366 MiB, 95 %
2026/09/06 07:41:36.668, 2366 MiB, 91 %
2026/09/06 07:41:37.168, 2366 MiB, 14 %
2026/09/06 07:41:37.669, 2366 MiB, 63 %
2026/09/06 07:41:38.169, 2366 MiB, 98 %
2026/09/06 07:41:38.669, 2366 MiB, 96 %
2026/09/06 07:41:39.170, 2366 MiB, 83 %
2026/09/06 07:41:39.670, 2366 MiB, 0 %
2026/09/06 07:41:40.170, 2366 MiB, 100 %
2026/09/06 07:41:40.671, 2366 MiB, 79 %
2026/09/06 07:41:41.171, 2366 MiB, 62 %
2026/09/06 07:41:41.672, 2366 MiB, 43 %
2026/09/06 07:41:42.172, 2366 MiB, 67 %
2026/09/06 07:41:42.672, 2366 MiB, 98 %
2026/09/06 07:41:43.173, 2366 MiB, 95 %
2026/09/06 07:41:43.673, 2366 MiB, 6 %
2026/09/06 07:41:44.173, 2366 MiB, 57 %
2026/09/06 07:41:44.674, 2366 MiB, 99 %
2026/09/06 07:41:45.174, 2366 MiB, 100 %
2026/09/06 07:41:45.674, 2398 MiB, 26 %
2026/09/06 07:41:46.175, 2398 MiB, 96 %
2026/09/06 07:41:46.675, 2398 MiB, 97 %
2026/09/06 07:41:47.175, 2398 MiB, 98 %
2026/09/06 07:41:47.676, 2398 MiB, 92 %
2026/09/06 07:41:48.176, 2398 MiB, 62 %
2026/09/06 07:41:48.676, 2398 MiB, 9 %
2026/09/06 07:41:49.177, 2398 MiB, 100 %
2026/09/06 07:41:49.677, 2398 MiB, 94 %
2026/09/06 07:41:50.177, 2398 MiB, 94 %
2026/09/06 07:41:50.678, 2398 MiB, 41 %
2026/09/06 07:41:51.178, 2398 MiB, 64 %
2026/09/06 07:41:51.678, 2398 MiB, 98 %
2026/09/06 07:41:52.178, 2398 MiB, 98 %
2026/09/06 07:41:52.680, 2398 MiB, 40 %
2026/09/06 07:41:53.181, 2398 MiB, 43 %
2026/09/06 07:41:53.681, 2398 MiB, 100 %
2026/09/06 07:41:54.181, 2398 MiB, 99 %
2026/09/06 07:41:54.682, 2398 MiB, 95 %
2026/09/06 07:41:55.182, 2398 MiB, 24 %
2026/09/06 07:41:55.682, 2398 MiB, 65 %
2026/09/06 07:41:56.183, 2398 MiB, 89 %
2026/09/06 07:41:56.683, 2398 MiB, 98 %
2026/09/06 07:41:57.183, 2398 MiB, 43 %
2026/09/06 07:41:57.684, 2398 MiB, 62 %
2026/09/06 07:41:58.184, 2398 MiB, 30 %
2026/09/06 07:41:58.684, 2398 MiB, 98 %
2026/09/06 07:41:59.185, 2398 MiB, 77 %
2026/09/06 07:41:59.685, 2398 MiB, 56 %
2026/09/06 07:42:00.185, 2398 MiB, 100 %
2026/09/06 07:42:00.686, 2398 MiB, 100 %
2026/09/06 07:42:01.186, 2654 MiB, 26 %
2026/09/06 07:42:01.686, 2654 MiB, 99 %
2026/09/06 07:42:02.186, 2654 MiB, 97 %
2026/09/06 07:42:02.687, 2654 MiB, 97 %
2026/09/06 07:42:03.187, 2654 MiB, 85 %
2026/09/06 07:42:03.687, 2654 MiB, 64 %
2026/09/06 07:42:04.188, 2654 MiB, 97 %
2026/09/06 07:42:04.688, 2654 MiB, 87 %
2026/09/06 07:42:05.188, 2654 MiB, 30 %
2026/09/06 07:42:05.689, 2654 MiB, 97 %
2026/09/06 07:42:06.189, 2654 MiB, 29 %
2026/09/06 07:42:06.689, 2654 MiB, 71 %
2026/09/06 07:42:07.190, 2654 MiB, 97 %
2026/09/06 07:42:07.690, 2654 MiB, 62 %
2026/09/06 07:42:08.191, 2654 MiB, 97 %
2026/09/06 07:42:08.691, 2654 MiB, 97 %
2026/09/06 07:42:09.191, 2654 MiB, 17 %
2026/09/06 07:42:09.691, 2654 MiB, 99 %
2026/09/06 07:42:10.192, 2654 MiB, 98 %
2026/09/06 07:42:10.692, 2654 MiB, 95 %
2026/09/06 07:42:11.192, 2654 MiB, 0 %
2026/09/06 07:42:11.693, 2654 MiB, 99 %
2026/09/06 07:42:12.193, 2654 MiB, 60 %
2026/09/06 07:42:12.693, 2654 MiB, 62 %
2026/09/06 07:42:13.194, 2654 MiB, 90 %
2026/09/06 07:42:13.694, 2654 MiB, 99 %
2026/09/06 07:42:14.194, 2654 MiB, 67 %
2026/09/06 07:42:14.695, 2654 MiB, 61 %
2026/09/06 07:42:15.195, 2654 MiB, 29 %
2026/09/06 07:42:15.695, 2654 MiB, 99 %
2026/09/06 07:42:16.196, 2654 MiB, 94 %
2026/09/06 07:42:16.696, 2654 MiB, 43 %
2026/09/06 07:42:17.196, 2654 MiB, 100 %
2026/09/06 07:42:17.697, 2654 MiB, 100 %
2026/09/06 07:42:18.197, 2654 MiB, 18 %
2026/09/06 07:42:18.697, 2654 MiB, 97 %
2026/09/06 07:42:19.197, 2654 MiB, 58 %
2026/09/06 07:42:19.698, 2654 MiB, 29 %
2026/09/06 07:42:20.198, 2654 MiB, 98 %
2026/09/06 07:42:20.699, 2654 MiB, 94 %
2026/09/06 07:42:21.199, 2654 MiB, 64 %
2026/09/06 07:42:21.699, 2654 MiB, 98 %
2026/09/06 07:42:22.200, 2654 MiB, 95 %
2026/09/06 07:42:22.700, 2654 MiB, 77 %
2026/09/06 07:42:23.200, 2654 MiB, 19 %
2026/09/06 07:42:23.700, 2654 MiB, 99 %
2026/09/06 07:42:24.201, 2654 MiB, 60 %
2026/09/06 07:42:24.701, 2654 MiB, 61 %
2026/09/06 07:42:25.201, 2654 MiB, 6 %
2026/09/06 07:42:25.702, 2654 MiB, 79 %
2026/09/06 07:42:26.202, 2654 MiB, 98 %
2026/09/06 07:42:26.702, 2654 MiB, 95 %
2026/09/06 07:42:27.203, 2654 MiB, 67 %
2026/09/06 07:42:27.703, 2654 MiB, 62 %
2026/09/06 07:42:28.203, 2654 MiB, 99 %
2026/09/06 07:42:28.704, 2654 MiB, 98 %
2026/09/06 07:42:29.204, 2654 MiB, 60 %
2026/09/06 07:42:29.704, 2654 MiB, 43 %
2026/09/06 07:42:30.204, 2654 MiB, 99 %
2026/09/06 07:42:30.705, 2654 MiB, 100 %
2026/09/06 07:42:31.205, 2654 MiB, 82 %
2026/09/06 07:42:31.706, 2654 MiB, 19 %
2026/09/06 07:42:32.206, 2654 MiB, 98 %
2026/09/06 07:42:32.707, 2654 MiB, 39 %
2026/09/06 07:42:33.207, 2654 MiB, 62 %
2026/09/06 07:42:33.707, 2654 MiB, 98 %
2026/09/06 07:42:34.207, 2654 MiB, 49 %
2026/09/06 07:42:34.708, 2462 MiB, 27 %
2026/09/06 07:42:35.208, 2462 MiB, 85 %
2026/09/06 07:42:35.708, 2462 MiB, 98 %
2026/09/06 07:42:36.209, 2462 MiB, 82 %
2026/09/06 07:42:36.709, 2462 MiB, 58 %
2026/09/06 07:42:37.209, 2462 MiB, 99 %
2026/09/06 07:42:37.709, 2462 MiB, 99 %
2026/09/06 07:42:38.210, 2462 MiB, 70 %
2026/09/06 07:42:38.710, 2462 MiB, 41 %
2026/09/06 07:42:39.210, 2462 MiB, 99 %
2026/09/06 07:42:39.711, 2462 MiB, 100 %
2026/09/06 07:42:40.211, 2462 MiB, 98 %
2026/09/06 07:42:40.711, 2462 MiB, 22 %
2026/09/06 07:42:41.212, 2462 MiB, 61 %
2026/09/06 07:42:41.712, 2462 MiB, 48 %
2026/09/06 07:42:42.213, 2462 MiB, 99 %
2026/09/06 07:42:42.713, 2462 MiB, 94 %
2026/09/06 07:42:43.213, 2462 MiB, 44 %
2026/09/06 07:42:43.714, 2462 MiB, 100 %
2026/09/06 07:42:44.214, 2462 MiB, 100 %
2026/09/06 07:42:44.715, 2462 MiB, 95 %
2026/09/06 07:42:45.215, 2462 MiB, 53 %
2026/09/06 07:42:45.715, 2462 MiB, 63 %
2026/09/06 07:42:46.215, 2462 MiB, 41 %
2026/09/06 07:42:46.716, 2462 MiB, 99 %
2026/09/06 07:42:47.216, 2462 MiB, 82 %
2026/09/06 07:42:47.717, 2462 MiB, 62 %
2026/09/06 07:42:48.217, 2462 MiB, 12 %
2026/09/06 07:42:48.717, 2462 MiB, 76 %
2026/09/06 07:42:49.218, 2462 MiB, 98 %
2026/09/06 07:42:49.718, 2462 MiB, 98 %
2026/09/06 07:42:50.218, 2462 MiB, 0 %
2026/09/06 07:42:50.719, 2430 MiB, 94 %
2026/09/06 07:42:51.219, 2430 MiB, 27 %
2026/09/06 07:42:51.719, 2430 MiB, 64 %
2026/09/06 07:42:52.220, 2430 MiB, 97 %
2026/09/06 07:42:52.720, 2430 MiB, 97 %
2026/09/06 07:42:53.220, 2430 MiB, 61 %
2026/09/06 07:42:53.721, 2430 MiB, 38 %
2026/09/06 07:42:54.221, 2430 MiB, 99 %
2026/09/06 07:42:54.721, 2430 MiB, 84 %
2026/09/06 07:42:55.222, 2430 MiB, 97 %
2026/09/06 07:42:55.722, 2430 MiB, 48 %
2026/09/06 07:42:56.222, 2430 MiB, 61 %
2026/09/06 07:42:56.723, 2430 MiB, 13 %
2026/09/06 07:42:57.223, 2430 MiB, 63 %
2026/09/06 07:42:57.723, 2430 MiB, 97 %
2026/09/06 07:42:58.224, 2430 MiB, 95 %
2026/09/06 07:42:58.724, 2430 MiB, 92 %
2026/09/06 07:42:59.225, 2430 MiB, 56 %
2026/09/06 07:42:59.725, 2430 MiB, 99 %
2026/09/06 07:43:00.225, 2430 MiB, 94 %
2026/09/06 07:43:00.726, 2430 MiB, 93 %
2026/09/06 07:43:01.226, 2430 MiB, 16 %
2026/09/06 07:43:01.726, 2430 MiB, 62 %
2026/09/06 07:43:02.226, 2430 MiB, 68 %
2026/09/06 07:43:02.727, 2430 MiB, 100 %
2026/09/06 07:43:03.227, 2430 MiB, 83 %
2026/09/06 07:43:03.727, 2430 MiB, 64 %
2026/09/06 07:43:04.228, 2430 MiB, 0 %
2026/09/06 07:43:04.728, 2430 MiB, 99 %
2026/09/06 07:43:05.228, 2430 MiB, 49 %
2026/09/06 07:43:05.729, 2686 MiB, 28 %
2026/09/06 07:43:06.229, 2686 MiB, 99 %
2026/09/06 07:43:06.729, 2686 MiB, 94 %
2026/09/06 07:43:07.230, 2686 MiB, 8 %
2026/09/06 07:43:07.730, 2686 MiB, 63 %
2026/09/06 07:43:08.230, 2686 MiB, 76 %
2026/09/06 07:43:08.731, 2686 MiB, 98 %
2026/09/06 07:43:09.231, 2686 MiB, 35 %
2026/09/06 07:43:09.731, 2686 MiB, 62 %
2026/09/06 07:43:10.232, 2686 MiB, 65 %
2026/09/06 07:43:10.732, 2686 MiB, 100 %
2026/09/06 07:43:11.232, 2686 MiB, 89 %
2026/09/06 07:43:11.733, 2686 MiB, 68 %
2026/09/06 07:43:12.233, 2686 MiB, 25 %
2026/09/06 07:43:12.733, 2686 MiB, 64 %
2026/09/06 07:43:13.234, 2686 MiB, 98 %
2026/09/06 07:43:13.734, 2686 MiB, 95 %
2026/09/06 07:43:14.234, 2686 MiB, 35 %
2026/09/06 07:43:14.735, 2686 MiB, 98 %
2026/09/06 07:43:15.235, 2686 MiB, 46 %
2026/09/06 07:43:15.735, 2686 MiB, 99 %
2026/09/06 07:43:16.236, 2686 MiB, 97 %
2026/09/06 07:43:16.736, 2686 MiB, 59 %
2026/09/06 07:43:17.237, 2686 MiB, 82 %
2026/09/06 07:43:17.737, 2686 MiB, 95 %
2026/09/06 07:43:18.237, 2686 MiB, 61 %
2026/09/06 07:43:18.738, 2686 MiB, 82 %
2026/09/06 07:43:19.238, 2686 MiB, 97 %
2026/09/06 07:43:19.738, 2686 MiB, 20 %
2026/09/06 07:43:20.239, 2686 MiB, 99 %
2026/09/06 07:43:20.739, 2686 MiB, 97 %
2026/09/06 07:43:21.239, 2686 MiB, 49 %
2026/09/06 07:43:21.740, 2686 MiB, 100 %
2026/09/06 07:43:22.240, 2686 MiB, 99 %
2026/09/06 07:43:22.740, 2686 MiB, 0 %
2026/09/06 07:43:23.241, 2622 MiB, 94 %
2026/09/06 07:43:23.741, 2622 MiB, 86 %
2026/09/06 07:43:24.241, 2622 MiB, 95 %
2026/09/06 07:43:24.742, 2622 MiB, 70 %
2026/09/06 07:43:25.242, 2622 MiB, 20 %
2026/09/06 07:43:25.742, 2622 MiB, 98 %
2026/09/06 07:43:26.243, 2622 MiB, 57 %
2026/09/06 07:43:26.743, 2622 MiB, 64 %
2026/09/06 07:43:27.243, 2622 MiB, 100 %
2026/09/06 07:43:27.744, 2622 MiB, 90 %
2026/09/06 07:43:28.244, 2622 MiB, 45 %
2026/09/06 07:43:28.744, 2622 MiB, 97 %
2026/09/06 07:43:29.245, 2622 MiB, 19 %
2026/09/06 07:43:29.745, 2622 MiB, 100 %
2026/09/06 07:43:30.245, 2622 MiB, 97 %
2026/09/06 07:43:30.746, 2622 MiB, 47 %
2026/09/06 07:43:31.246, 2622 MiB, 99 %
2026/09/06 07:43:31.747, 2622 MiB, 94 %
2026/09/06 07:43:32.247, 2622 MiB, 64 %
2026/09/06 07:43:32.747, 2622 MiB, 65 %
2026/09/06 07:43:33.248, 2622 MiB, 93 %
2026/09/06 07:43:33.748, 2622 MiB, 100 %
2026/09/06 07:43:34.248, 2622 MiB, 95 %
2026/09/06 07:43:34.749, 2622 MiB, 0 %
2026/09/06 07:43:35.249, 2622 MiB, 99 %
2026/09/06 07:43:35.749, 2622 MiB, 80 %
2026/09/06 07:43:36.250, 2622 MiB, 63 %
2026/09/06 07:43:36.750, 2622 MiB, 56 %
2026/09/06 07:43:37.250, 2622 MiB, 98 %
2026/09/06 07:43:37.751, 2622 MiB, 44 %
2026/09/06 07:43:38.251, 2622 MiB, 61 %
2026/09/06 07:43:38.751, 2622 MiB, 12 %
2026/09/06 07:43:39.252, 2622 MiB, 100 %
2026/09/06 07:43:39.752, 2622 MiB, 94 %
2026/09/06 07:43:40.252, 2622 MiB, 97 %
2026/09/06 07:43:40.753, 2622 MiB, 0 %
2026/09/06 07:43:41.253, 2590 MiB, 90 %
2026/09/06 07:43:41.754, 2590 MiB, 16 %
2026/09/06 07:43:42.254, 2590 MiB, 70 %
2026/09/06 07:43:42.754, 2590 MiB, 98 %
2026/09/06 07:43:43.255, 2590 MiB, 95 %
2026/09/06 07:43:43.755, 2590 MiB, 72 %
2026/09/06 07:43:44.256, 2590 MiB, 65 %
2026/09/06 07:43:44.756, 2590 MiB, 19 %
2026/09/06 07:43:45.256, 2590 MiB, 98 %
2026/09/06 07:43:45.757, 2590 MiB, 95 %
2026/09/06 07:43:46.257, 2590 MiB, 94 %
2026/09/06 07:43:46.757, 2590 MiB, 47 %
2026/09/06 07:43:47.258, 2590 MiB, 64 %
2026/09/06 07:43:47.758, 2590 MiB, 97 %
2026/09/06 07:43:48.258, 2590 MiB, 94 %
2026/09/06 07:43:48.759, 2590 MiB, 23 %
2026/09/06 07:43:49.259, 2590 MiB, 97 %
2026/09/06 07:43:49.759, 2590 MiB, 17 %
2026/09/06 07:43:50.260, 2590 MiB, 98 %
2026/09/06 07:43:50.760, 2590 MiB, 49 %
2026/09/06 07:43:51.260, 2590 MiB, 98 %
2026/09/06 07:43:51.761, 2590 MiB, 74 %
2026/09/06 07:43:52.261, 2590 MiB, 63 %
2026/09/06 07:43:52.761, 2590 MiB, 67 %
2026/09/06 07:43:53.262, 2590 MiB, 97 %
2026/09/06 07:43:53.762, 2590 MiB, 29 %
2026/09/06 07:43:54.262, 2590 MiB, 99 %
2026/09/06 07:43:54.763, 2590 MiB, 98 %
2026/09/06 07:43:55.263, 2590 MiB, 62 %
2026/09/06 07:43:55.763, 2590 MiB, 83 %
2026/09/06 07:43:56.264, 2590 MiB, 97 %
2026/09/06 07:43:56.764, 2590 MiB, 97 %
2026/09/06 07:43:57.264, 2590 MiB, 0 %
2026/09/06 07:43:57.765, 2718 MiB, 72 %
2026/09/06 07:43:58.265, 2718 MiB, 31 %
2026/09/06 07:43:58.765, 2718 MiB, 99 %
2026/09/06 07:43:59.266, 2718 MiB, 94 %
2026/09/06 07:43:59.766, 2718 MiB, 76 %
2026/09/06 07:44:00.266, 2718 MiB, 9 %
2026/09/06 07:44:00.767, 2718 MiB, 100 %
2026/09/06 07:44:01.267, 2718 MiB, 94 %
2026/09/06 07:44:01.768, 2718 MiB, 94 %
2026/09/06 07:44:02.268, 2718 MiB, 38 %
2026/09/06 07:44:02.768, 2718 MiB, 68 %
2026/09/06 07:44:03.269, 2718 MiB, 98 %
2026/09/06 07:44:03.769, 2718 MiB, 95 %
2026/09/06 07:44:04.270, 2718 MiB, 33 %
2026/09/06 07:44:04.770, 2718 MiB, 63 %
2026/09/06 07:44:05.270, 2718 MiB, 98 %
2026/09/06 07:44:05.770, 2718 MiB, 95 %
2026/09/06 07:44:06.271, 2718 MiB, 93 %
2026/09/06 07:44:06.771, 2718 MiB, 52 %
2026/09/06 07:44:07.272, 2718 MiB, 100 %
2026/09/06 07:44:07.772, 2718 MiB, 100 %
2026/09/06 07:44:08.272, 2718 MiB, 97 %
2026/09/06 07:44:08.773, 2718 MiB, 42 %
2026/09/06 07:44:09.273, 2718 MiB, 62 %
2026/09/06 07:44:09.773, 2718 MiB, 0 %
2026/09/06 07:44:10.274, 2718 MiB, 100 %
2026/09/06 07:44:10.774, 2718 MiB, 95 %
2026/09/06 07:44:11.274, 2718 MiB, 95 %
2026/09/06 07:44:11.774, 2718 MiB, 92 %
2026/09/06 07:44:12.275, 2718 MiB, 96 %
2026/09/06 07:44:12.775, 2718 MiB, 0 %
2026/09/06 07:44:13.275, 2718 MiB, 71 %
2026/09/06 07:44:13.776, 2718 MiB, 0 %
2026/09/06 07:44:14.276, 2718 MiB, 98 %
2026/09/06 07:44:14.776, 2718 MiB, 94 %
2026/09/06 07:44:15.277, 2718 MiB, 94 %
2026/09/06 07:44:15.777, 2718 MiB, 27 %
2026/09/06 07:44:16.277, 2718 MiB, 64 %
2026/09/06 07:44:16.778, 2718 MiB, 98 %
2026/09/06 07:44:17.278, 2718 MiB, 95 %
2026/09/06 07:44:17.778, 2718 MiB, 56 %
2026/09/06 07:44:18.279, 2718 MiB, 100 %
2026/09/06 07:44:18.779, 2718 MiB, 95 %
2026/09/06 07:44:19.280, 2718 MiB, 85 %
2026/09/06 07:44:19.780, 2718 MiB, 96 %
2026/09/06 07:44:20.280, 2718 MiB, 97 %
2026/09/06 07:44:20.780, 2718 MiB, 14 %
2026/09/06 07:44:21.281, 2718 MiB, 71 %
2026/09/06 07:44:21.781, 2718 MiB, 97 %
2026/09/06 07:44:22.281, 2718 MiB, 90 %
2026/09/06 07:44:22.781, 2718 MiB, 52 %
2026/09/06 07:44:23.282, 2718 MiB, 100 %
2026/09/06 07:44:23.782, 2718 MiB, 98 %
2026/09/06 07:44:24.282, 2718 MiB, 93 %
2026/09/06 07:44:24.783, 2718 MiB, 33 %
2026/09/06 07:44:25.284, 2718 MiB, 100 %
2026/09/06 07:44:25.784, 2718 MiB, 99 %
2026/09/06 07:44:26.284, 2718 MiB, 94 %
2026/09/06 07:44:26.785, 2718 MiB, 9 %
2026/09/06 07:44:27.285, 2718 MiB, 98 %
2026/09/06 07:44:27.785, 2718 MiB, 95 %
2026/09/06 07:44:28.286, 2718 MiB, 60 %
2026/09/06 07:44:28.786, 2718 MiB, 96 %
2026/09/06 07:44:29.287, 2718 MiB, 3 %
2026/09/06 07:44:29.787, 2718 MiB, 44 %
2026/09/06 07:44:30.287, 2718 MiB, 76 %
2026/09/06 07:44:30.788, 2718 MiB, 96 %
2026/09/06 07:44:31.288, 2718 MiB, 98 %
2026/09/06 07:44:31.788, 2718 MiB, 92 %
2026/09/06 07:44:32.289, 2718 MiB, 42 %
2026/09/06 07:44:32.789, 2718 MiB, 100 %
2026/09/06 07:44:33.289, 2718 MiB, 99 %
2026/09/06 07:44:33.790, 2718 MiB, 94 %
2026/09/06 07:44:34.290, 2718 MiB, 38 %
2026/09/06 07:44:34.790, 2718 MiB, 77 %
2026/09/06 07:44:35.291, 2718 MiB, 98 %
2026/09/06 07:44:35.791, 2718 MiB, 93 %
2026/09/06 07:44:36.291, 2718 MiB, 56 %
2026/09/06 07:44:36.792, 2718 MiB, 54 %
2026/09/06 07:44:37.292, 2718 MiB, 98 %
2026/09/06 07:44:37.792, 2718 MiB, 94 %
2026/09/06 07:44:38.293, 2718 MiB, 19 %
2026/09/06 07:44:38.793, 2718 MiB, 66 %
2026/09/06 07:44:39.293, 2718 MiB, 98 %
2026/09/06 07:44:39.794, 2718 MiB, 95 %
2026/09/06 07:44:40.294, 2718 MiB, 85 %
2026/09/06 07:44:40.794, 2718 MiB, 0 %
2026/09/06 07:44:41.295, 2718 MiB, 100 %
2026/09/06 07:44:41.795, 2718 MiB, 98 %
2026/09/06 07:44:42.295, 2718 MiB, 94 %
2026/09/06 07:44:42.796, 2718 MiB, 38 %
2026/09/06 07:44:43.296, 2718 MiB, 100 %
2026/09/06 07:44:43.796, 2718 MiB, 100 %
2026/09/06 07:44:44.297, 2718 MiB, 78 %
2026/09/06 07:44:44.797, 2718 MiB, 96 %
2026/09/06 07:44:45.297, 2718 MiB, 0 %
2026/09/06 07:44:45.797, 2718 MiB, 92 %
2026/09/06 07:44:46.298, 2718 MiB, 0 %
2026/09/06 07:44:46.798, 2718 MiB, 100 %
2026/09/06 07:44:47.298, 2718 MiB, 94 %
2026/09/06 07:44:47.799, 2718 MiB, 62 %
2026/09/06 07:44:48.299, 2718 MiB, 73 %
2026/09/06 07:44:48.799, 2718 MiB, 97 %
2026/09/06 07:44:49.300, 2718 MiB, 87 %
2026/09/06 07:44:49.800, 2718 MiB, 46 %
2026/09/06 07:44:50.300, 2718 MiB, 98 %
2026/09/06 07:44:50.801, 2718 MiB, 94 %
2026/09/06 07:44:51.301, 2718 MiB, 52 %
2026/09/06 07:44:51.802, 2718 MiB, 99 %
2026/09/06 07:44:52.302, 2718 MiB, 99 %
2026/09/06 07:44:52.802, 2718 MiB, 97 %
2026/09/06 07:44:53.303, 2718 MiB, 58 %
2026/09/06 07:44:53.803, 2718 MiB, 61 %
2026/09/06 07:44:54.303, 2718 MiB, 3 %
2026/09/06 07:44:54.804, 2718 MiB, 100 %
2026/09/06 07:44:55.304, 2718 MiB, 95 %
2026/09/06 07:44:55.804, 2718 MiB, 95 %
2026/09/06 07:44:56.305, 2718 MiB, 36 %
2026/09/06 07:44:56.805, 2718 MiB, 63 %
2026/09/06 07:44:57.305, 2718 MiB, 98 %
2026/09/06 07:44:57.805, 2718 MiB, 98 %
2026/09/06 07:44:58.306, 2718 MiB, 85 %
2026/09/06 07:44:58.806, 2718 MiB, 54 %
2026/09/06 07:44:59.306, 2718 MiB, 100 %
2026/09/06 07:44:59.807, 2718 MiB, 99 %
2026/09/06 07:45:00.307, 2718 MiB, 90 %
2026/09/06 07:45:00.807, 2718 MiB, 96 %
2026/09/06 07:45:01.308, 2718 MiB, 0 %
2026/09/06 07:45:01.808, 2718 MiB, 70 %
2026/09/06 07:45:02.308, 2718 MiB, 17 %
2026/09/06 07:45:02.809, 2718 MiB, 100 %
2026/09/06 07:45:03.309, 2718 MiB, 94 %
2026/09/06 07:45:03.809, 2718 MiB, 94 %
2026/09/06 07:45:04.310, 2718 MiB, 33 %
2026/09/06 07:45:04.810, 2718 MiB, 64 %
2026/09/06 07:45:05.310, 2718 MiB, 98 %
2026/09/06 07:45:05.811, 2718 MiB, 95 %
2026/09/06 07:45:06.311, 2718 MiB, 56 %
2026/09/06 07:45:06.812, 2718 MiB, 72 %
2026/09/06 07:45:07.312, 2718 MiB, 99 %
2026/09/06 07:45:07.812, 2718 MiB, 99 %
2026/09/06 07:45:08.312, 2718 MiB, 94 %
2026/09/06 07:45:08.813, 2718 MiB, 22 %
2026/09/06 07:45:09.313, 2718 MiB, 99 %
2026/09/06 07:45:09.813, 2718 MiB, 97 %
2026/09/06 07:45:10.314, 2718 MiB, 95 %
2026/09/06 07:45:10.814, 2718 MiB, 27 %
2026/09/06 07:45:11.314, 2718 MiB, 62 %
2026/09/06 07:45:11.815, 2718 MiB, 45 %
2026/09/06 07:45:12.315, 2718 MiB, 99 %
2026/09/06 07:45:12.815, 2718 MiB, 85 %
2026/09/06 07:45:13.316, 2718 MiB, 93 %
2026/09/06 07:45:13.816, 2718 MiB, 5 %
2026/09/06 07:45:14.316, 2718 MiB, 100 %
2026/09/06 07:45:14.817, 2718 MiB, 99 %
2026/09/06 07:45:15.317, 2718 MiB, 48 %
2026/09/06 07:45:15.817, 2718 MiB, 64 %
2026/09/06 07:45:16.318, 2718 MiB, 97 %
2026/09/06 07:45:16.818, 2718 MiB, 96 %
2026/09/06 07:45:17.319, 2750 MiB, 1 %
2026/09/06 07:45:17.819, 2750 MiB, 94 %
2026/09/06 07:45:18.319, 2750 MiB, 59 %
2026/09/06 07:45:18.820, 2750 MiB, 0 %
2026/09/06 07:45:19.320, 2750 MiB, 99 %
2026/09/06 07:45:19.820, 2750 MiB, 94 %
2026/09/06 07:45:20.320, 2750 MiB, 94 %
2026/09/06 07:45:20.821, 2750 MiB, 43 %
2026/09/06 07:45:21.321, 2750 MiB, 64 %
2026/09/06 07:45:21.821, 2750 MiB, 98 %
2026/09/06 07:45:22.322, 2750 MiB, 95 %
2026/09/06 07:45:22.822, 2750 MiB, 46 %
2026/09/06 07:45:23.322, 2750 MiB, 43 %
2026/09/06 07:45:23.823, 2750 MiB, 100 %
2026/09/06 07:45:24.323, 2750 MiB, 99 %
2026/09/06 07:45:24.823, 2750 MiB, 94 %
2026/09/06 07:45:25.324, 2750 MiB, 17 %
2026/09/06 07:45:25.824, 2750 MiB, 88 %
2026/09/06 07:45:26.324, 2750 MiB, 95 %
2026/09/06 07:45:26.825, 2750 MiB, 94 %
2026/09/06 07:45:27.325, 2750 MiB, 57 %
2026/09/06 07:45:27.825, 2750 MiB, 64 %
2026/09/06 07:45:28.326, 2750 MiB, 98 %
2026/09/06 07:45:28.826, 2750 MiB, 95 %
2026/09/06 07:45:29.326, 2750 MiB, 82 %
2026/09/06 07:45:29.826, 2750 MiB, 50 %
2026/09/06 07:45:30.327, 2750 MiB, 100 %
2026/09/06 07:45:30.827, 2750 MiB, 99 %
2026/09/06 07:45:31.327, 2750 MiB, 95 %
2026/09/06 07:45:31.828, 2750 MiB, 10 %
2026/09/06 07:45:32.328, 2750 MiB, 99 %
2026/09/06 07:45:32.828, 2750 MiB, 51 %
2026/09/06 07:45:33.329, 2750 MiB, 4 %
2026/09/06 07:45:33.829, 2750 MiB, 91 %
2026/09/06 07:45:34.329, 2750 MiB, 100 %
2026/09/06 07:45:34.830, 2750 MiB, 96 %
2026/09/06 07:45:35.330, 2750 MiB, 32 %
2026/09/06 07:45:35.830, 2750 MiB, 62 %
2026/09/06 07:45:36.331, 2750 MiB, 7 %
2026/09/06 07:45:36.831, 2750 MiB, 86 %
2026/09/06 07:45:37.331, 2750 MiB, 95 %
2026/09/06 07:45:37.831, 2750 MiB, 16 %
2026/09/06 07:45:38.332, 2750 MiB, 62 %
2026/09/06 07:45:38.832, 2750 MiB, 62 %
2026/09/06 07:45:39.332, 2750 MiB, 99 %
2026/09/06 07:45:39.833, 2750 MiB, 80 %
2026/09/06 07:45:40.333, 2750 MiB, 63 %
2026/09/06 07:45:40.834, 2750 MiB, 13 %
2026/09/06 07:45:41.334, 2750 MiB, 64 %
2026/09/06 07:45:41.834, 2750 MiB, 97 %
2026/09/06 07:45:42.335, 2750 MiB, 97 %
2026/09/06 07:45:42.835, 2750 MiB, 3 %
2026/09/06 07:45:43.336, 2750 MiB, 66 %
2026/09/06 07:45:43.836, 2750 MiB, 97 %
2026/09/06 07:45:44.336, 2750 MiB, 97 %
2026/09/06 07:45:44.836, 2750 MiB, 94 %
2026/09/06 07:45:45.337, 2750 MiB, 18 %
2026/09/06 07:45:45.837, 2750 MiB, 82 %
2026/09/06 07:45:46.338, 2750 MiB, 50 %
2026/09/06 07:45:46.838, 2750 MiB, 98 %
2026/09/06 07:45:47.338, 2750 MiB, 88 %
2026/09/06 07:45:47.839, 2750 MiB, 97 %
2026/09/06 07:45:48.339, 2750 MiB, 6 %
2026/09/06 07:45:48.839, 2750 MiB, 93 %
2026/09/06 07:45:49.340, 2750 MiB, 74 %
2026/09/06 07:45:49.840, 2750 MiB, 33 %
2026/09/06 07:45:50.340, 2750 MiB, 64 %
2026/09/06 07:45:50.841, 2750 MiB, 98 %
2026/09/06 07:45:51.341, 2750 MiB, 97 %
2026/09/06 07:45:51.841, 2750 MiB, 85 %
2026/09/06 07:45:52.342, 2750 MiB, 27 %
2026/09/06 07:45:52.843, 2750 MiB, 98 %
2026/09/06 07:45:53.343, 2750 MiB, 68 %
2026/09/06 07:45:53.843, 2750 MiB, 99 %
2026/09/06 07:45:54.343, 2750 MiB, 68 %
2026/09/06 07:45:54.844, 2750 MiB, 62 %
2026/09/06 07:45:55.344, 2750 MiB, 29 %
2026/09/06 07:45:55.844, 2750 MiB, 100 %
2026/09/06 07:45:56.345, 2750 MiB, 94 %
2026/09/06 07:45:56.845, 2750 MiB, 73 %
2026/09/06 07:45:57.345, 2750 MiB, 0 %
2026/09/06 07:45:57.846, 2750 MiB, 63 %
2026/09/06 07:45:58.346, 2750 MiB, 98 %
2026/09/06 07:45:58.846, 2750 MiB, 95 %
2026/09/06 07:45:59.347, 2750 MiB, 81 %
2026/09/06 07:45:59.847, 2750 MiB, 22 %
2026/09/06 07:46:00.347, 2750 MiB, 99 %
2026/09/06 07:46:00.848, 2750 MiB, 98 %
2026/09/06 07:46:01.348, 2750 MiB, 93 %
2026/09/06 07:46:01.848, 2750 MiB, 44 %
2026/09/06 07:46:02.349, 2750 MiB, 100 %
2026/09/06 07:46:02.849, 2750 MiB, 100 %
2026/09/06 07:46:03.349, 2750 MiB, 100 %
2026/09/06 07:46:03.850, 2750 MiB, 14 %
2026/09/06 07:46:04.350, 2750 MiB, 98 %
2026/09/06 07:46:04.850, 2750 MiB, 94 %
2026/09/06 07:46:05.351, 2750 MiB, 64 %
2026/09/06 07:46:05.851, 2750 MiB, 98 %
2026/09/06 07:46:06.351, 2750 MiB, 95 %
2026/09/06 07:46:06.852, 2750 MiB, 76 %
2026/09/06 07:46:07.352, 2750 MiB, 43 %
2026/09/06 07:46:07.852, 2750 MiB, 99 %
2026/09/06 07:46:08.353, 2750 MiB, 99 %
2026/09/06 07:46:08.853, 2750 MiB, 92 %
2026/09/06 07:46:09.353, 2750 MiB, 56 %
2026/09/06 07:46:09.854, 2750 MiB, 100 %
2026/09/06 07:46:10.354, 2750 MiB, 99 %
2026/09/06 07:46:10.854, 2750 MiB, 89 %
2026/09/06 07:46:11.355, 2750 MiB, 26 %
2026/09/06 07:46:11.855, 2750 MiB, 98 %
2026/09/06 07:46:12.355, 2750 MiB, 99 %
2026/09/06 07:46:12.856, 2750 MiB, 98 %
2026/09/06 07:46:13.356, 2750 MiB, 38 %
2026/09/06 07:46:13.856, 2750 MiB, 63 %
2026/09/06 07:46:14.357, 2750 MiB, 51 %
2026/09/06 07:46:14.857, 2750 MiB, 97 %
2026/09/06 07:46:15.357, 2750 MiB, 52 %
2026/09/06 07:46:15.858, 2750 MiB, 68 %
2026/09/06 07:46:16.358, 2750 MiB, 18 %
2026/09/06 07:46:16.859, 2750 MiB, 100 %
2026/09/06 07:46:17.359, 2750 MiB, 94 %
2026/09/06 07:46:17.859, 2750 MiB, 89 %
2026/09/06 07:46:18.360, 2750 MiB, 28 %
2026/09/06 07:46:18.860, 2750 MiB, 99 %
2026/09/06 07:46:19.360, 2750 MiB, 53 %
2026/09/06 07:46:19.860, 2750 MiB, 6 %
2026/09/06 07:46:20.361, 2750 MiB, 100 %
2026/09/06 07:46:20.861, 2750 MiB, 99 %
2026/09/06 07:46:21.361, 2750 MiB, 94 %
2026/09/06 07:46:21.862, 2750 MiB, 18 %
2026/09/06 07:46:22.362, 2750 MiB, 89 %
2026/09/06 07:46:22.862, 2750 MiB, 63 %
2026/09/06 07:46:23.363, 2750 MiB, 98 %
2026/09/06 07:46:23.863, 2750 MiB, 94 %
2026/09/06 07:46:24.363, 2750 MiB, 42 %
2026/09/06 07:46:24.864, 2750 MiB, 98 %
2026/09/06 07:46:25.364, 2750 MiB, 99 %
2026/09/06 07:46:25.864, 2750 MiB, 98 %
2026/09/06 07:46:26.365, 2750 MiB, 28 %
2026/09/06 07:46:26.865, 2750 MiB, 61 %
2026/09/06 07:46:27.365, 2750 MiB, 7 %
2026/09/06 07:46:27.866, 2750 MiB, 87 %
2026/09/06 07:46:28.366, 2750 MiB, 95 %
2026/09/06 07:46:28.866, 2750 MiB, 94 %
2026/09/06 07:46:29.367, 2750 MiB, 82 %
2026/09/06 07:46:29.867, 2750 MiB, 52 %
2026/09/06 07:46:30.367, 2750 MiB, 100 %
2026/09/06 07:46:30.868, 2750 MiB, 100 %
2026/09/06 07:46:31.368, 2750 MiB, 95 %
2026/09/06 07:46:31.868, 2750 MiB, 28 %
2026/09/06 07:46:32.369, 2750 MiB, 62 %
2026/09/06 07:46:32.869, 2750 MiB, 8 %
2026/09/06 07:46:33.369, 2750 MiB, 87 %
2026/09/06 07:46:33.870, 2750 MiB, 95 %
2026/09/06 07:46:34.370, 2750 MiB, 99 %
2026/09/06 07:46:34.870, 2750 MiB, 24 %
2026/09/06 07:46:35.370, 2718 MiB, 98 %
2026/09/06 07:46:35.871, 2718 MiB, 93 %
2026/09/06 07:46:36.371, 2718 MiB, 88 %
2026/09/06 07:46:36.872, 2718 MiB, 61 %
2026/09/06 07:46:37.372, 2718 MiB, 5 %
2026/09/06 07:46:37.872, 2718 MiB, 72 %
2026/09/06 07:46:38.373, 2718 MiB, 97 %
2026/09/06 07:46:38.873, 2718 MiB, 95 %
2026/09/06 07:46:39.373, 2718 MiB, 94 %
2026/09/06 07:46:39.874, 2718 MiB, 36 %
2026/09/06 07:46:40.374, 2718 MiB, 99 %
2026/09/06 07:46:40.874, 2718 MiB, 85 %
2026/09/06 07:46:41.375, 2718 MiB, 97 %
2026/09/06 07:46:41.875, 2718 MiB, 98 %
2026/09/06 07:46:42.375, 2718 MiB, 93 %
2026/09/06 07:46:42.876, 2718 MiB, 38 %
2026/09/06 07:46:43.376, 2718 MiB, 100 %
2026/09/06 07:46:43.876, 2718 MiB, 99 %
2026/09/06 07:46:44.376, 2718 MiB, 95 %
2026/09/06 07:46:44.877, 2718 MiB, 41 %
2026/09/06 07:46:45.377, 2718 MiB, 63 %
2026/09/06 07:46:45.878, 2718 MiB, 98 %
2026/09/06 07:46:46.378, 2718 MiB, 98 %
2026/09/06 07:46:46.878, 2718 MiB, 94 %
2026/09/06 07:46:47.379, 2718 MiB, 64 %
2026/09/06 07:46:47.879, 2718 MiB, 98 %
2026/09/06 07:46:48.379, 2718 MiB, 98 %
2026/09/06 07:46:48.879, 2718 MiB, 61 %
2026/09/06 07:46:49.380, 2718 MiB, 96 %
2026/09/06 07:46:49.880, 2718 MiB, 0 %
2026/09/06 07:46:50.380, 2718 MiB, 91 %
2026/09/06 07:46:50.881, 2718 MiB, 8 %
2026/09/06 07:46:51.381, 2718 MiB, 65 %
2026/09/06 07:46:51.882, 2718 MiB, 97 %
2026/09/06 07:46:52.382, 2718 MiB, 97 %
2026/09/06 07:46:52.882, 2718 MiB, 94 %
2026/09/06 07:46:53.383, 2718 MiB, 17 %
2026/09/06 07:46:53.883, 2718 MiB, 82 %
2026/09/06 07:46:54.383, 2718 MiB, 95 %
2026/09/06 07:46:54.884, 2718 MiB, 64 %
2026/09/06 07:46:55.384, 2718 MiB, 39 %
2026/09/06 07:46:55.884, 2718 MiB, 73 %
2026/09/06 07:46:56.385, 2718 MiB, 97 %
2026/09/06 07:46:56.885, 2718 MiB, 84 %
2026/09/06 07:46:57.385, 2718 MiB, 11 %
2026/09/06 07:46:57.886, 2718 MiB, 60 %
2026/09/06 07:46:58.386, 2718 MiB, 99 %
2026/09/06 07:46:58.887, 2718 MiB, 61 %
2026/09/06 07:46:59.387, 2718 MiB, 10 %
2026/09/06 07:46:59.887, 2718 MiB, 63 %
2026/09/06 07:47:00.387, 2718 MiB, 97 %
2026/09/06 07:47:00.888, 2718 MiB, 97 %
2026/09/06 07:47:01.388, 2718 MiB, 94 %
2026/09/06 07:47:01.888, 2718 MiB, 8 %
2026/09/06 07:47:02.389, 2718 MiB, 63 %
2026/09/06 07:47:02.889, 2718 MiB, 76 %
2026/09/06 07:47:03.390, 2718 MiB, 98 %
2026/09/06 07:47:03.890, 2718 MiB, 44 %
2026/09/06 07:47:04.390, 2718 MiB, 62 %
2026/09/06 07:47:04.891, 2718 MiB, 97 %
2026/09/06 07:47:05.391, 2718 MiB, 0 %
2026/09/06 07:47:05.891, 2718 MiB, 55 %
2026/09/06 07:47:06.392, 2718 MiB, 25 %
2026/09/06 07:47:06.892, 2718 MiB, 100 %
2026/09/06 07:47:07.392, 2718 MiB, 99 %
2026/09/06 07:47:07.892, 2718 MiB, 94 %
2026/09/06 07:47:08.393, 2718 MiB, 5 %
2026/09/06 07:47:08.893, 2718 MiB, 75 %
2026/09/06 07:47:09.394, 2718 MiB, 48 %
2026/09/06 07:47:09.894, 2718 MiB, 98 %
2026/09/06 07:47:10.394, 2718 MiB, 94 %
2026/09/06 07:47:10.895, 2718 MiB, 28 %
2026/09/06 07:47:11.395, 2718 MiB, 98 %
2026/09/06 07:47:11.895, 2718 MiB, 93 %
2026/09/06 07:47:12.396, 2718 MiB, 98 %
2026/09/06 07:47:12.896, 2718 MiB, 73 %
2026/09/06 07:47:13.396, 2718 MiB, 67 %
2026/09/06 07:47:13.897, 2718 MiB, 30 %
2026/09/06 07:47:14.397, 2718 MiB, 44 %
2026/09/06 07:47:14.897, 2718 MiB, 98 %
2026/09/06 07:47:15.398, 2718 MiB, 97 %
2026/09/06 07:47:15.898, 2718 MiB, 94 %
2026/09/06 07:47:16.398, 2718 MiB, 28 %
2026/09/06 07:47:16.899, 2718 MiB, 97 %
2026/09/06 07:47:17.399, 2718 MiB, 83 %
2026/09/06 07:47:17.899, 2718 MiB, 98 %
2026/09/06 07:47:18.399, 2718 MiB, 54 %
2026/09/06 07:47:18.900, 2718 MiB, 62 %
2026/09/06 07:47:19.400, 2718 MiB, 29 %
2026/09/06 07:47:19.900, 2718 MiB, 100 %
2026/09/06 07:47:20.401, 2718 MiB, 100 %
2026/09/06 07:47:20.901, 2718 MiB, 1 %
2026/09/06 07:47:21.401, 2654 MiB, 95 %
2026/09/06 07:47:21.902, 2654 MiB, 83 %
2026/09/06 07:47:22.402, 2654 MiB, 0 %
2026/09/06 07:47:22.903, 2654 MiB, 100 %
2026/09/06 07:47:23.403, 2654 MiB, 99 %
2026/09/06 07:47:23.903, 2654 MiB, 94 %
2026/09/06 07:47:24.403, 2654 MiB, 4 %
2026/09/06 07:47:24.904, 2654 MiB, 74 %
2026/09/06 07:47:25.404, 2654 MiB, 46 %
2026/09/06 07:47:25.905, 2654 MiB, 99 %
2026/09/06 07:47:26.405, 2654 MiB, 94 %
2026/09/06 07:47:26.905, 2654 MiB, 94 %
2026/09/06 07:47:27.406, 2654 MiB, 49 %
2026/09/06 07:47:27.906, 2654 MiB, 63 %
2026/09/06 07:47:28.406, 2654 MiB, 98 %
2026/09/06 07:47:28.906, 2654 MiB, 98 %
2026/09/06 07:47:29.407, 2654 MiB, 94 %
2026/09/06 07:47:29.907, 2654 MiB, 10 %
2026/09/06 07:47:30.407, 2654 MiB, 63 %
2026/09/06 07:47:30.908, 2654 MiB, 49 %
2026/09/06 07:47:31.408, 2654 MiB, 98 %
2026/09/06 07:47:31.908, 2654 MiB, 72 %
2026/09/06 07:47:32.409, 2654 MiB, 63 %
2026/09/06 07:47:32.909, 2654 MiB, 4 %
2026/09/06 07:47:33.410, 2654 MiB, 61 %
2026/09/06 07:47:33.910, 2654 MiB, 98 %
2026/09/06 07:47:34.410, 2654 MiB, 98 %
2026/09/06 07:47:34.911, 2654 MiB, 94 %
2026/09/06 07:47:35.411, 2654 MiB, 97 %
2026/09/06 07:47:35.911, 2654 MiB, 0 %
2026/09/06 07:47:36.412, 2718 MiB, 94 %
2026/09/06 07:47:36.912, 2718 MiB, 32 %
2026/09/06 07:47:37.412, 2718 MiB, 62 %
2026/09/06 07:47:37.913, 2718 MiB, 98 %
2026/09/06 07:47:38.413, 2718 MiB, 98 %
2026/09/06 07:47:38.913, 2718 MiB, 92 %
2026/09/06 07:47:39.414, 2718 MiB, 54 %
2026/09/06 07:47:39.914, 2718 MiB, 100 %
2026/09/06 07:47:40.414, 2718 MiB, 99 %
2026/09/06 07:47:40.915, 2718 MiB, 78 %
2026/09/06 07:47:41.415, 2718 MiB, 35 %
2026/09/06 07:47:41.915, 2718 MiB, 99 %
2026/09/06 07:47:42.415, 2718 MiB, 100 %
2026/09/06 07:47:42.916, 2718 MiB, 95 %
2026/09/06 07:47:43.416, 2718 MiB, 5 %
2026/09/06 07:47:43.916, 2718 MiB, 83 %
2026/09/06 07:47:44.417, 2718 MiB, 89 %
2026/09/06 07:47:44.917, 2718 MiB, 99 %
2026/09/06 07:47:45.418, 2718 MiB, 66 %
2026/09/06 07:47:45.918, 2718 MiB, 61 %
2026/09/06 07:47:46.419, 2718 MiB, 9 %
2026/09/06 07:47:46.919, 2718 MiB, 99 %
2026/09/06 07:47:47.419, 2718 MiB, 94 %
2026/09/06 07:47:47.920, 2718 MiB, 94 %
2026/09/06 07:47:48.420, 2718 MiB, 30 %
2026/09/06 07:47:48.920, 2718 MiB, 64 %
2026/09/06 07:47:49.421, 2718 MiB, 97 %
2026/09/06 07:47:49.921, 2718 MiB, 94 %
2026/09/06 07:47:50.421, 2718 MiB, 56 %
2026/09/06 07:47:50.922, 2718 MiB, 98 %
2026/09/06 07:47:51.422, 2718 MiB, 44 %
2026/09/06 07:47:51.922, 2718 MiB, 5 %
2026/09/06 07:47:52.423, 2654 MiB, 97 %
2026/09/06 07:47:52.923, 2654 MiB, 86 %
2026/09/06 07:47:53.423, 2654 MiB, 37 %
2026/09/06 07:47:53.924, 2654 MiB, 99 %
2026/09/06 07:47:54.424, 2654 MiB, 98 %
2026/09/06 07:47:54.924, 2654 MiB, 61 %
2026/09/06 07:47:55.425, 2654 MiB, 43 %
2026/09/06 07:47:55.925, 2654 MiB, 100 %
2026/09/06 07:47:56.425, 2654 MiB, 99 %
2026/09/06 07:47:56.926, 2654 MiB, 94 %
2026/09/06 07:47:57.426, 2654 MiB, 8 %
2026/09/06 07:47:57.926, 2654 MiB, 65 %
2026/09/06 07:47:58.427, 2654 MiB, 76 %
2026/09/06 07:47:58.927, 2654 MiB, 98 %
2026/09/06 07:47:59.427, 2654 MiB, 32 %
2026/09/06 07:47:59.928, 2654 MiB, 84 %
2026/09/06 07:48:00.428, 2654 MiB, 100 %
2026/09/06 07:48:00.928, 2654 MiB, 50 %
2026/09/06 07:48:01.429, 2654 MiB, 63 %
2026/09/06 07:48:01.929, 2654 MiB, 97 %
2026/09/06 07:48:02.429, 2654 MiB, 59 %
2026/09/06 07:48:02.930, 2654 MiB, 58 %
2026/09/06 07:48:03.430, 2654 MiB, 97 %
2026/09/06 07:48:03.930, 2654 MiB, 35 %
2026/09/06 07:48:04.431, 2654 MiB, 64 %
2026/09/06 07:48:04.931, 2654 MiB, 97 %
2026/09/06 07:48:05.431, 2654 MiB, 86 %
2026/09/06 07:48:05.932, 2654 MiB, 54 %
2026/09/06 07:48:06.432, 2654 MiB, 100 %
2026/09/06 07:48:06.932, 2654 MiB, 91 %
2026/09/06 07:48:07.433, 2654 MiB, 70 %
2026/09/06 07:48:07.933, 2654 MiB, 96 %
2026/09/06 07:48:08.433, 2654 MiB, 0 %
2026/09/06 07:48:08.934, 2718 MiB, 12 %
2026/09/06 07:48:09.434, 2718 MiB, 100 %
2026/09/06 07:48:09.935, 2718 MiB, 97 %
2026/09/06 07:48:10.435, 2718 MiB, 94 %
2026/09/06 07:48:10.935, 2718 MiB, 12 %
2026/09/06 07:48:11.436, 2718 MiB, 77 %
2026/09/06 07:48:11.936, 2718 MiB, 96 %
2026/09/06 07:48:12.436, 2718 MiB, 94 %
2026/09/06 07:48:12.937, 2718 MiB, 64 %
2026/09/06 07:48:13.437, 2718 MiB, 53 %
2026/09/06 07:48:13.937, 2718 MiB, 99 %
2026/09/06 07:48:14.438, 2718 MiB, 98 %
2026/09/06 07:48:14.938, 2718 MiB, 93 %
2026/09/06 07:48:15.438, 2718 MiB, 48 %
2026/09/06 07:48:15.939, 2718 MiB, 100 %
2026/09/06 07:48:16.439, 2718 MiB, 100 %
2026/09/06 07:48:16.939, 2718 MiB, 95 %
2026/09/06 07:48:17.439, 2718 MiB, 20 %
2026/09/06 07:48:17.940, 2718 MiB, 63 %
2026/09/06 07:48:18.440, 2718 MiB, 66 %
2026/09/06 07:48:18.940, 2718 MiB, 98 %
2026/09/06 07:48:19.441, 2718 MiB, 66 %
2026/09/06 07:48:19.941, 2718 MiB, 61 %
2026/09/06 07:48:20.442, 2718 MiB, 30 %
2026/09/06 07:48:20.942, 2718 MiB, 43 %
2026/09/06 07:48:21.442, 2718 MiB, 99 %
2026/09/06 07:48:21.943, 2718 MiB, 97 %
2026/09/06 07:48:22.443, 2718 MiB, 93 %
2026/09/06 07:48:22.943, 2718 MiB, 30 %
2026/09/06 07:48:23.444, 2718 MiB, 98 %
2026/09/06 07:48:23.944, 2718 MiB, 24 %
2026/09/06 07:48:24.444, 3006 MiB, 16 %
2026/09/06 07:48:24.945, 3006 MiB, 96 %
2026/09/06 07:48:25.445, 3006 MiB, 59 %
2026/09/06 07:48:25.945, 3006 MiB, 97 %
2026/09/06 07:48:26.446, 3006 MiB, 97 %
2026/09/06 07:48:26.946, 3006 MiB, 94 %
2026/09/06 07:48:27.446, 3006 MiB, 10 %
2026/09/06 07:48:27.947, 3006 MiB, 65 %
2026/09/06 07:48:28.447, 3006 MiB, 76 %
2026/09/06 07:48:28.947, 3006 MiB, 98 %
2026/09/06 07:48:29.448, 3006 MiB, 53 %
2026/09/06 07:48:29.948, 3006 MiB, 61 %
2026/09/06 07:48:30.448, 3006 MiB, 18 %
2026/09/06 07:48:30.949, 3006 MiB, 99 %
2026/09/06 07:48:31.449, 3006 MiB, 94 %
2026/09/06 07:48:31.950, 3006 MiB, 94 %
2026/09/06 07:48:32.450, 3006 MiB, 49 %
2026/09/06 07:48:32.950, 3006 MiB, 62 %
2026/09/06 07:48:33.450, 3006 MiB, 98 %
2026/09/06 07:48:33.951, 3006 MiB, 98 %
2026/09/06 07:48:34.451, 3006 MiB, 94 %
2026/09/06 07:48:34.951, 3006 MiB, 13 %
2026/09/06 07:48:35.452, 3006 MiB, 63 %
2026/09/06 07:48:35.952, 3006 MiB, 40 %
2026/09/06 07:48:36.453, 3006 MiB, 100 %
2026/09/06 07:48:36.953, 3006 MiB, 98 %
2026/09/06 07:48:37.453, 3006 MiB, 94 %
2026/09/06 07:48:37.954, 3006 MiB, 11 %
2026/09/06 07:48:38.454, 3006 MiB, 98 %
2026/09/06 07:48:38.955, 3006 MiB, 37 %
2026/09/06 07:48:39.455, 2910 MiB, 3 %
2026/09/06 07:48:39.955, 2910 MiB, 89 %
2026/09/06 07:48:40.455, 2910 MiB, 94 %
2026/09/06 07:48:40.956, 2910 MiB, 97 %
2026/09/06 07:48:41.456, 2910 MiB, 90 %
2026/09/06 07:48:41.956, 2910 MiB, 59 %
2026/09/06 07:48:42.457, 2910 MiB, 14 %
2026/09/06 07:48:42.957, 2910 MiB, 90 %
2026/09/06 07:48:43.458, 2910 MiB, 94 %
2026/09/06 07:48:43.958, 2910 MiB, 93 %
2026/09/06 07:48:44.458, 2910 MiB, 56 %
2026/09/06 07:48:44.959, 2910 MiB, 65 %
2026/09/06 07:48:45.459, 2910 MiB, 100 %
2026/09/06 07:48:45.959, 2910 MiB, 98 %
2026/09/06 07:48:46.460, 2910 MiB, 94 %
2026/09/06 07:48:46.960, 2910 MiB, 9 %
2026/09/06 07:48:47.460, 2910 MiB, 63 %
2026/09/06 07:48:47.961, 2910 MiB, 59 %
2026/09/06 07:48:48.461, 2910 MiB, 100 %
2026/09/06 07:48:48.961, 2910 MiB, 93 %
2026/09/06 07:48:49.462, 2910 MiB, 93 %
2026/09/06 07:48:49.962, 2910 MiB, 94 %
2026/09/06 07:48:50.462, 2910 MiB, 0 %
2026/09/06 07:48:50.963, 2910 MiB, 82 %
2026/09/06 07:48:51.463, 2910 MiB, 28 %
2026/09/06 07:48:51.963, 2910 MiB, 61 %
2026/09/06 07:48:52.464, 2910 MiB, 40 %
2026/09/06 07:48:52.964, 2910 MiB, 83 %
2026/09/06 07:48:53.464, 2910 MiB, 95 %
2026/09/06 07:48:53.965, 2910 MiB, 98 %
2026/09/06 07:48:54.465, 2910 MiB, 0 %
2026/09/06 07:48:54.965, 2910 MiB, 0 %
2026/09/06 07:48:55.466, 2910 MiB, 0 %
2026/09/06 07:48:55.966, 2910 MiB, 0 %
2026/09/06 07:48:56.466, 2910 MiB, 0 %
2026/09/06 07:48:56.967, 2910 MiB, 0 %
2026/09/06 07:48:57.467, 2910 MiB, 0 %
2026/09/06 07:48:57.967, 2910 MiB, 0 %
2026/09/06 07:48:58.468, 2910 MiB, 0 %
2026/09/06 07:48:58.968, 2910 MiB, 0 %
2026/09/06 07:48:59.468, 2910 MiB, 0 %
2026/09/06 07:48:59.969, 2910 MiB, 0 %
2026/09/06 07:49:00.469, 2910 MiB, 2 %
2026/09/06 07:49:00.969, 2908 MiB, 0 %
