unix_seconds	pid	rss_kib	vsz_kib
1788705512.030451	3077361	124948	653100
1788705513.075614	3077361	306412	1524060
1788705514.119679	3077361	399580	1638920
1788705515.164109	3077361	555504	2383840
1788705516.212243	3077361	912340	3883792
1788705517.255079	3077361	926832	8275220
1788705518.300834	3077361	954516	8371796
1788705519.345388	3077361	1194612	8951460
1788705520.391444	3077361	1238276	9267808
1788705521.437633	3077361	1250628	9272220
1788705522.482133	3077361	1288836	9337772
1788705523.527546	3077361	1325988	9337772
1788705524.574170	3077361	1405632	9429112
1788705525.615909	3077361	1407372	9430592
1788705526.655502	3077361	1413992	9437052
1788705527.695508	3077361	1412904	9435580
1788705528.740443	3077361	1426536	9435580
1788705529.782014	3077361	1461656	9501132
1788705530.830331	3077361	1484916	9501132
1788705531.881237	3077361	1507628	9501132
1788705532.926605	3077361	1507828	9501132
1788705533.971903	3077361	1507976	12542280
1788705535.018279	3077361	1512508	30797472
1788705536.063238	3077361	1507348	30788256
1788705537.108507	3077361	1522144	30853940
1788705538.154498	3077361	1553144	30853940
1788705539.203196	3077361	1588584	30919492
1788705540.250124	3077361	1603440	30921492
1788705541.296419	3077361	1615208	30921468
1788705542.341117	3077361	1636928	30922000
1788705543.387975	3077361	1718216	30990688
1788705544.428902	3077361	1753036	31056240
1788705545.476082	3077361	1753048	31056240
1788705546.520857	3077361	1783772	31056240
1788705547.564517	3077361	1817740	9843192
1788705548.606417	3077361	1820372	9845800
1788705549.646722	3077361	1820576	12886948
1788705550.685898	3077361	1837636	12904028
1788705551.731321	3077361	1841892	12908328
1788705552.775104	3077361	1846244	12912680
1788705553.817776	3077361	1849948	12916384
1788705554.857936	3077361	1849948	12916384
1788705555.902334	3077361	1849948	12916384
1788705556.943011	3077361	1849948	12916384
1788705557.987843	3077361	1849948	12916384
1788705559.029548	3077361	1850268	12916640
1788705560.071743	3077361	1850268	12916640
1788705561.115082	3077361	1850684	12917120
1788705562.159690	3077361	1850988	12917424
1788705563.203854	3077361	1850988	12917424
1788705564.247651	3077361	1860452	12926888
1788705565.291720	3077361	1868452	12934888
1788705566.335396	3077361	1888464	12958212
1788705567.378384	3077361	1842500	12909344
1788705568.424587	3077361	1842760	12909344
1788705569.467808	3077361	1814068	13005716
1788705570.513464	3077361	2164260	13171812
1788705571.565088	3077361	2192872	13200324
1788705572.613180	3077361	2182148	13229136
1788705573.658119	3077361	2222036	13257944
1788705574.704551	3077361	2302480	13325100
1788705575.749811	3077361	2197036	13213776
1788705576.796354	3077361	2202792	13213776
1788705577.838956	3077361	2216028	13213776
1788705578.880520	3077361	2216220	13213776
1788705579.920466	3077361	2216788	13213776
1788705580.959365	3077361	2216788	13213776
1788705582.007414	3077361	2216860	13215824
1788705583.051562	3077361	2313648	13312296
1788705584.097449	3077361	2326644	46418344
1788705585.139410	3077361	2326684	46418344
1788705586.184838	3077361	2329888	46418344
1788705587.226194	3077361	2330852	46418344
1788705588.266610	3077361	2330852	46418344
1788705589.306421	3077361	2331328	46418344
1788705590.345987	3077361	2331604	46418344
1788705591.389816	3077361	2332732	46418344
1788705592.432063	3077361	2332892	46418344
1788705593.477966	3077361	2334712	46418344
1788705594.518652	3077361	2335144	46418344
1788705595.563618	3077361	2335148	46418344
1788705596.609061	3077361	2335148	46418344
1788705597.653269	3077361	2335148	46418344
1788705598.698383	3077361	2335148	46418344
1788705599.744112	3077361	2335960	46419368
1788705600.787193	3077361	2336772	46419560
1788705601.832156	3077361	2340276	46419564
1788705602.877543	3077361	2340736	46419564
1788705603.920128	3077361	2341396	46419568
1788705604.961309	3077361	2341468	46419568
1788705606.001966	3077361	2354760	46722672
1788705607.047931	3077361	2356828	46730864
1788705608.089336	3077361	2357484	46730864
1788705609.134804	3077361	2357884	46730864
1788705610.177850	3077361	2358104	46730864
1788705611.223380	3077361	2358724	46731888
1788705612.265941	3077361	2373096	46731888
1788705613.311797	3077361	2373136	46731888
1788705614.356707	3077361	2373968	46731888
1788705615.400123	3077361	2373968	46731888
1788705616.445336	3077361	2374116	46731888
1788705617.489673	3077361	2374168	46731888
1788705618.532697	3077361	2429264	46790936
1788705619.578717	3077361	2429352	46790936
1788705620.624851	3077361	2433596	46807320
1788705621.670511	3077361	2433652	46807320
1788705622.715458	3077361	2441240	46807320
1788705623.761954	3077361	2511952	47195656
1788705624.807849	3077361	2529620	47195656
1788705625.848246	3077361	2590176	47195656
1788705626.893955	3077361	2647540	47195656
1788705627.936601	3077361	2682280	47195656
1788705628.978932	3077361	2694420	47195656
1788705630.018853	3077361	2694420	47195656
1788705631.060321	3077361	2694420	47195656
1788705632.102427	3077361	2694436	47195656
1788705633.145637	3077361	2740424	47196680
1788705634.192042	3077361	2740480	47196680
1788705635.237279	3077361	2740556	47196680
1788705636.281785	3077361	2740796	47286796
1788705637.327960	3077361	2741400	47557144
1788705638.373769	3077361	2741580	47557144
1788705639.418726	3077361	3000972	47688216
1788705640.466020	3077361	3738260	48212504
1788705641.513969	3077361	3276672	48343576
1788705642.560445	3077361	3543592	47950360
1788705643.607265	3077361	3912524	48081432
1788705644.655788	3077361	4105964	48146968
1788705645.701884	3077361	4280952	48015896
1788705646.749432	3077361	4425892	48015896
1788705647.795537	3077361	4999600	48409112
1788705648.842903	3077361	4592468	48278040
1788705649.889383	3077361	4884256	48146968
1788705650.935943	3077361	5143348	48146968
1788705651.982637	3077361	5422788	48212504
1788705653.029386	3077361	5683364	48212504
1788705654.077277	3077361	6207612	48613912
1788705655.123330	3077361	6334292	48613912
1788705656.169771	3077361	3330580	51655060
1788705657.215947	3077361	2638228	51800076
1788705658.260521	3077361	3230360	51800076
1788705659.307248	3077361	3647280	51800076
1788705660.354911	3077361	4187572	51865612
1788705661.400835	3077361	4316860	51865612
1788705662.447492	3077361	4576064	51931148
1788705663.495320	3077361	4700752	51865612
1788705664.542633	3077361	4954252	51865612
1788705665.589835	3077361	5080980	51865612
1788705666.635730	3077361	5339188	51865612
1788705667.681843	3077361	5465908	51865612
1788705668.728024	3077361	5757796	51931148
1788705669.773981	3077361	5846120	51865612
1788705670.821179	3077361	6099584	51865612
1788705671.867525	3077361	6354716	51865612
1788705672.913715	3077361	6481372	51865612
1788705673.959893	3077361	3589284	54911512
1788705675.006214	3077361	3842660	54911512
1788705676.052399	3077361	4096104	54911512
1788705677.098666	3077361	4243688	54911512
1788705678.144993	3077361	4529152	54977048
1788705679.190863	3077361	4782644	54977048
1788705680.238220	3077361	4921972	54985240
1788705681.281909	3077361	5567584	54985240
1788705682.329162	3077361	5694304	54985240
1788705683.375440	3077361	5882348	54919704
1788705684.422026	3077361	6135808	54919704
1788705685.468567	3077361	6262528	54919704
1788705686.514760	3077361	6644676	55116312
1788705687.561112	3077361	6769444	54919704
1788705688.606268	3077361	6896108	51878556
1788705689.652110	3077361	3984320	54919704
1788705690.698542	3077361	4237768	54919704
1788705691.746133	3077361	4478792	54919704
1788705692.793708	3077361	4617932	54919704
1788705693.840760	3077361	4871372	54919704
1788705694.888208	3077361	5112332	54919704
1788705695.932642	3077361	5254508	51878556
1788705696.979927	3077361	5391456	51747484
1788705698.026343	3077361	5518180	51747484
1788705699.072582	3077361	5816528	51813020
1788705700.119045	3077361	6049056	51813020
1788705701.164164	3077361	6281004	51944092
1788705702.209992	3077361	6534564	51944092
1788705703.257352	3077361	6822376	51944092
1788705704.303628	3077361	6914664	51944092
1788705705.351615	3077361	4001248	54985240
1788705706.397741	3077361	4254688	54985240
1788705707.443704	3077361	4508128	54985240
1788705708.489896	3077361	4634904	54985240
1788705709.535271	3077361	4888356	54985240
1788705710.581960	3077361	5141796	54985240
1788705711.629632	3077361	5268516	54985240
1788705712.675420	3077361	5601076	55050776
1788705713.722387	3077361	5770588	54985240
1788705714.768244	3077361	5897316	54985240
1788705715.814856	3077361	6150756	54985240
1788705716.862632	3077361	6391716	54985240
1788705717.909882	3077361	6530916	54985240
1788705718.954890	3077361	6784360	54985240
1788705720.001697	3077361	6911020	54985240
1788705721.049109	3077361	3999136	58026388
1788705722.091928	3077361	4252512	58026388
1788705723.138069	3077361	4505952	54985240
1788705724.184169	3077361	4632672	54985240
1788705725.230431	3077361	4886112	54985240
1788705726.277051	3077361	5012832	54985240
1788705727.323481	3077361	5144480	54985240
1788705728.369532	3077361	5505732	55050776
1788705729.415649	3077361	5519668	54985240
1788705730.461915	3077361	5773116	54985240
1788705731.509210	3077361	5899836	54985240
1788705732.555272	3077361	6153276	54985240
1788705733.601451	3077361	6335940	54985240
1788705734.647412	3077361	6533436	54985240
1788705735.693364	3077361	6660184	54985240
1788705736.739505	3077361	6913568	54985240
1788705737.787396	3077361	3922712	58026388
1788705738.829318	3077361	4245624	58031140
1788705739.875334	3077361	4384908	58031140
1788705740.921272	3077361	4511636	58031140
1788705741.967353	3077361	4765076	58031140
1788705743.013384	3077361	4891800	58031140
1788705744.059534	3077361	5145240	58031140
1788705745.107042	3077361	5271968	58031140
1788705746.153416	3077361	5525344	58031140
1788705747.199348	3077361	5778784	54989992
1788705748.244428	3077361	5975840	54989992
1788705749.291157	3077361	6265636	55055528
1788705750.337618	3077361	6412384	54989992
1788705751.381684	3077361	6539116	54989992
1788705752.428018	3077361	6792556	54989992
1788705753.476868	3077361	6919212	54989992
1788705754.520324	3077361	4043300	58031140
1788705755.566311	3077361	4258616	54989992
1788705756.613990	3077361	4512060	54989992
1788705757.661309	3077361	4760140	54989992
1788705758.706135	3077361	4892220	54989992
1788705759.753109	3077361	5133184	54989992
1788705760.799787	3077361	5390076	52079916
1788705761.851026	3077361	5643324	52014380
1788705762.898317	3077361	5684720	51883308
1788705763.944608	3077361	5927868	51948844
1788705764.991601	3077361	6114480	51883308
1788705766.038470	3077361	6279216	51883308
1788705767.083620	3077361	6532656	51883308
1788705768.130655	3077361	6782832	51883308
1788705769.176725	3077361	6912756	51883308
1788705770.223145	3077361	4001360	54924456
1788705771.270084	3077361	4254800	54924456
1788705772.316978	3077361	4495824	54924456
1788705773.360648	3077361	4634964	54924456
1788705774.406394	3077361	4888404	54924456
1788705775.452125	3077361	5129364	54924456
1788705776.499156	3077361	5307044	55055528
1788705777.545402	3077361	5521944	54924456
1788705778.592115	3077361	5775388	54924456
1788705779.638382	3077361	6026020	54989992
1788705780.684871	3077361	6382932	55186600
1788705781.730633	3077361	6597968	55121064
1788705782.776354	3077361	6838928	55121064
1788705783.822028	3077361	6978128	55121064
1788705784.867453	3077361	7104784	55121064
1788705785.913097	3077361	4319404	58162212
1788705786.958687	3077361	4560300	58162212
1788705788.004745	3077361	4699500	58162212
1788705789.050162	3077361	4940524	58162212
1788705790.097704	3077361	5217816	58227748
1788705791.140592	3077361	5333104	58162212
1788705792.188233	3077361	5574080	58162212
1788705793.234637	3077361	5713280	58162212
1788705794.280760	3077361	5966660	58162212
1788705795.326901	3077361	6093384	58162212
1788705796.373164	3077361	6334408	58162212
1788705797.414826	3077361	6461064	55121064
1788705798.462397	3077361	6600264	55121064
1788705799.506895	3077361	6726984	55121064
1788705800.553207	3077361	6980424	55121064
1788705801.596620	3077361	7107088	55121064
1788705802.642226	3077361	4067460	58162212
1788705803.688005	3077361	4329728	58162212
1788705804.734737	3077361	4574340	58162212
1788705805.777185	3077361	4815364	58162212
1788705806.822180	3077361	4954500	58162212
1788705807.867730	3077361	5081224	58162212
1788705808.914690	3077361	5322188	58162212
1788705809.960422	3077361	5461388	58162212
1788705811.007510	3077361	5588108	58162212
1788705812.053879	3077361	5714764	58162212
1788705813.099051	3077361	5955788	58162212
1788705814.144967	3077361	6094948	55121064
1788705815.190264	3077361	6233000	55121064
1788705816.235676	3077361	6475112	55121064
1788705817.281419	3077361	6716080	55121064
1788705818.327893	3077361	6855280	55121064
1788705819.372941	3077361	7096184	55121064
1788705820.419253	3077361	4069824	58162212
1788705821.467061	3077361	4323548	58162212
1788705822.514513	3077361	4576928	58162212
1788705823.561286	3077361	4830368	58162212
1788705824.608307	3077361	4957092	58162212
1788705825.653876	3077361	5210536	55121064
1788705826.699416	3077361	5464324	55121064
1788705827.745485	3077361	5591044	55121064
1788705828.791275	3077361	5844428	55121064
1788705829.836786	3077361	5971152	55121064
1788705830.882138	3077361	6224592	55121064
1788705831.928637	3077361	6351320	55121064
1788705832.974313	3077361	6604760	55121064
1788705834.020221	3077361	6731480	55121064
1788705835.065733	3077361	6972468	55121064
1788705836.112267	3077361	7111616	55121064
1788705837.158724	3077361	4186992	58162212
1788705838.200595	3077361	4326200	58162212
1788705839.247090	3077361	4579648	58162212
1788705840.292890	3077361	4833092	55121064
1788705841.338912	3077361	4959812	55121064
1788705842.384358	3077361	5213252	55121064
1788705843.430044	3077361	5454212	55121064
1788705844.476576	3077361	5593412	55121064
1788705845.522244	3077361	5846788	55121064
1788705846.567788	3077361	6023444	55121064
1788705847.612789	3077361	6226964	55121064
1788705848.658060	3077361	6480404	55121064
1788705849.704457	3077361	6641308	55121064
1788705850.750582	3077361	6860572	55121064
1788705851.796454	3077361	7113952	55121064
1788705852.841763	3077361	4189564	58162212
1788705853.887010	3077361	4455420	58162212
1788705854.933026	3077361	4582140	58162212
1788705855.978387	3077361	4835580	58162212
1788705857.023948	3077361	5089020	58162212
1788705858.069283	3077361	5215744	55121064
1788705859.114333	3077361	5448064	55121064
1788705860.160041	3077361	5595908	55121064
1788705861.205231	3077361	5722632	55121064
1788705862.251233	3077361	5976012	55121064
1788705863.296381	3077361	6229452	55121064
1788705864.341693	3077361	6356172	55121064
1788705865.386664	3077361	6609616	55121064
1788705866.431736	3077361	6736336	55121064
1788705867.477015	3077361	6989780	55121064
1788705868.525444	3077361	7116448	55121064
1788705869.567562	3077361	4250568	58162212
1788705870.613051	3077361	4457800	58162212
1788705871.659686	3077361	4711248	55121064
1788705872.705403	3077361	4952212	55121064
1788705873.751187	3077361	5091412	55121064
1788705874.795972	3077361	5332372	55121064
1788705875.841525	3077361	5471572	55121064
1788705876.886906	3077361	5712468	55121064
1788705877.933280	3077361	5851668	55121064
1788705878.976689	3077361	6105108	55121064
1788705880.022873	3077361	6328256	55121064
1788705881.067599	3077361	6485272	55121064
1788705882.116469	3077361	6738720	55121064
1788705883.163022	3077361	6916384	55121064
1788705884.208483	3077361	7118820	55121064
1788705885.255069	3077361	4194244	58162212
1788705886.300162	3077361	4460100	58162212
1788705887.346359	3077361	4586820	58162212
1788705888.392354	3077361	4827844	55121064
1788705889.438331	3077361	4966984	55121064
1788705890.479658	3077361	5093704	55121064
1788705891.526848	3077361	5347144	55121064
1788705892.573149	3077361	5600592	55121064
1788705893.619604	3077361	5841744	55121064
1788705894.665468	3077361	5980696	55121064
1788705895.710892	3077361	6234136	55121064
1788705896.756346	3077361	6475096	55121064
1788705897.801512	3077361	6614300	55121064
1788705898.846134	3077361	6867744	55121064
1788705899.893178	3077361	7156472	55186600
1788705900.935733	3077361	7173756	55186600
1788705901.978228	3077361	4335756	58162212
1788705903.023038	3077361	4576652	55121064
1788705904.069131	3077361	4715860	55121064
1788705905.112727	3077361	4969300	55121064
1788705906.158753	3077361	5210264	55121064
1788705907.204169	3077361	5349468	55121064
1788705908.249230	3077361	5602908	55121064
1788705909.294333	3077361	5843868	55121064
1788705910.340546	3077361	5983004	55121064
1788705911.383188	3077361	6236444	55121064
1788705912.428253	3077361	6447392	55121064
1788705913.473146	3077361	6616608	55121064
1788705914.517679	3077361	6870048	55121064
1788705915.563106	3077361	6996772	55121064
1788705916.608750	3077361	7123440	55121064
1788705917.653389	3077361	4337628	58162212
1788705918.698863	3077361	4578652	58162212
1788705919.743984	3077361	4717788	58162212
1788705920.788878	3077361	4971228	58162212
1788705921.835670	3077361	5212188	58162212
1788705922.880780	3077361	5365696	58227748
1788705923.926475	3077361	5604832	55121064
1788705924.972013	3077361	5731488	55121064
1788705926.017247	3077361	5984940	55121064
1788705927.063460	3077361	6125292	55121064
1788705928.109765	3077361	6365100	55121064
1788705929.156649	3077361	6618540	55121064
1788705930.202166	3077361	6745264	55121064
1788705931.247676	3077361	6998704	55121064
1788705932.293188	3077361	7125364	55121064
1788705933.338636	3077361	4342712	58166964
1788705934.384004	3077361	4501564	58166964
1788705935.429550	3077361	4722812	58166964
1788705936.474830	3077361	4976252	55125816
1788705937.520404	3077361	5229692	55125816
1788705938.565729	3077361	5356412	55125816
1788705939.610498	3077361	5609852	55125816
1788705940.656842	3077361	5850752	55125816
1788705941.701276	3077361	5989952	55125816
1788705942.750337	3077361	6243392	55125816
1788705943.795997	3077361	6370112	55125816
1788705944.843017	3077361	6623552	55125816
1788705945.888318	3077361	6876992	55125816
1788705946.933015	3077361	7117896	55125816
1788705947.978335	3077361	5781140	55125816
1788705949.023708	3077361	4420612	58166964
1788705950.069138	3077361	4596296	58166964
1788705951.112758	3077361	4849736	58166964
1788705952.157975	3077361	5090700	58166964
1788705953.201256	3077361	5229900	58166964
1788705954.245839	3077361	5483340	55125816
1788705955.292267	3077361	5610060	55125816
1788705956.337608	3077361	5863436	55125816
1788705957.383945	3077361	6131184	55191352
1788705958.429202	3077361	6265744	55125816
1788705959.474874	3077361	6497040	55125816
1788705960.519816	3077361	6749044	55125816
1788705961.562910	3077361	6877200	55125816
1788705962.608082	3077361	7130576	55125816
1788705963.653162	3077361	4126600	58166964
1788705964.698541	3077361	4469580	58166964
1788705965.743991	3077361	4596300	58166964
1788705966.789004	3077361	4849744	58166964
1788705967.834475	3077361	5090704	58166964
1788705968.879690	3077361	5229908	58166964
1788705969.924668	3077361	5483348	58166964
1788705970.970374	3077361	5646548	58166964
1788705972.016363	3077361	5863444	58166964
1788705973.061232	3077361	6104404	58166964
1788705974.107620	3077361	6243604	58166964
1788705975.151452	3077361	6497048	58166964
1788705976.197552	3077361	6623768	58166964
1788705977.242129	3077361	6877208	58166964
1788705978.288393	3077361	7130592	55125816
1788705979.333842	3077361	4203680	58166964
1788705980.374515	3077361	4461872	58171716
1788705981.418682	3077361	4601072	58171716
1788705982.462826	3077361	4854512	58171716
1788705983.507702	3077361	4981236	58171716
1788705984.554247	3077361	5234676	58171716
1788705985.600064	3077361	5488120	58171716
1788705986.645472	3077361	5729016	58171716
1788705987.691634	3077361	5868216	55130568
1788705988.738395	3077361	6121656	55130568
1788705989.783347	3077361	6362616	55130568
1788705990.829364	3077361	6616056	55130568
1788705991.873033	3077361	6755260	55130568
1788705992.919343	3077361	7008700	55130568
1788705993.965071	3077361	7135356	55130568
1788705995.010989	3077361	4335220	58171716
1788705996.056296	3077361	4474356	58171716
1788705997.101391	3077361	4727796	58171716
1788705998.145234	3077361	4981236	58171716
1788705999.191441	3077361	5234680	58171716
1788706000.237049	3077361	5361400	58171716
1788706001.281882	3077361	5614844	55130568
1788706002.328836	3077361	5868220	55130568
1788706003.375930	3077361	6109184	55130568
1788706004.423150	3077361	6248384	55130568
1788706005.469207	3077361	6489344	55130568
1788706006.514777	3077361	6628544	55130568
1788706007.559210	3077361	6881984	55130568
1788706008.604884	3077361	7135412	55130568
1788706009.650535	3077361	4195832	58171716
1788706010.690966	3077361	4347704	58171716
1788706011.740328	3077361	4601144	58171716
1788706012.789522	3077361	4854584	58171716
1788706013.835125	3077361	4981316	58171716
1788706014.881479	3077361	5234756	58171716
1788706015.926818	3077361	5475716	58171716
1788706016.972052	3077361	5614916	58171716
1788706018.016802	3077361	5855816	58171716
1788706019.063638	3077361	6118880	58237252
1788706020.106576	3077361	6248460	58171716
1788706021.149535	3077361	6501900	58171716
1788706022.195134	3077361	6691020	58171716
1788706023.240500	3077361	6882060	55130568
1788706024.285918	3077361	7135436	55130568
1788706025.330852	3077361	4100996	58171716
1788706026.376403	3077361	4479192	55135320
1788706027.421634	3077361	4605912	55135320
1788706028.466830	3077361	4859352	55135320
1788706029.512541	3077361	5112792	55135320
1788706030.558189	3077361	5345304	55135320
1788706031.603223	3077361	5492952	55135320
1788706032.648327	3077361	5746392	55135320
1788706033.694186	3077361	5904992	55135320
1788706034.739880	3077361	6126488	55135320
1788706035.785515	3077361	6379932	55135320
1788706036.831364	3077361	6633372	55135320
1788706037.876815	3077361	6760096	55135320
1788706038.921734	3077361	7013536	55135320
1788706039.966805	3077361	7140200	55135320
1788706041.012606	3077361	4340008	58176468
1788706042.057513	3077361	4479208	58176468
1788706043.102429	3077361	4732648	58176468
1788706044.147285	3077361	4973612	58176468
1788706045.192817	3077361	5112812	58176468
1788706046.237224	3077361	5366252	55135320
1788706047.283363	3077361	5607212	55135320
1788706048.331542	3077361	5746348	55135320
1788706049.376829	3077361	5999788	55135320
1788706050.422388	3077361	6253228	55135320
1788706051.465746	3077361	6494208	55135320
1788706052.510648	3077361	6633416	55135320
1788706053.555222	3077361	6886856	55135320
1788706054.601378	3077361	7127752	55135320
1788706055.646541	3077361	4099088	58176468
1788706056.688603	3077361	4357332	58181220
1788706057.734971	3077361	4610708	55140072
1788706058.780977	3077361	4864148	55140072
1788706059.826256	3077361	4990868	55140072
1788706060.871675	3077361	5338796	55271144
1788706061.917533	3077361	5485268	55140072
1788706062.963193	3077361	5624468	52098924
1788706064.008265	3077361	5877844	52098924
1788706065.054832	3077361	6118804	52098924
1788706066.100153	3077361	6258004	52098924
1788706067.144744	3077361	6498964	52098924
1788706068.191006	3077361	6638164	52098924
1788706069.235339	3077361	6891604	52098924
1788706070.281566	3077361	7076692	52098924
1788706071.328356	3077361	6291564	52098924
1788706072.372844	3077361	4362040	55144824
1788706073.417353	3077361	4615480	55144824
1788706074.463386	3077361	4742200	55144824
1788706075.507075	3077361	4995640	55144824
1788706076.553388	3077361	5122372	55144824
1788706077.600054	3077361	5375812	55144824
1788706078.645244	3077361	5629252	55144824
1788706079.690903	3077361	5755908	55144824
1788706080.735714	3077361	6033160	55210360
1788706081.781462	3077361	6136068	55144824
1788706082.826823	3077361	6262788	55144824
1788706083.871875	3077361	6516228	55144824
1788706084.917570	3077361	6642948	55144824
1788706085.962743	3077361	6915548	55210360
1788706087.008235	3077361	7035268	55144824
1788706088.053975	3077361	6996296	55144824
1788706089.094999	3077361	4367056	58190724
1788706090.141789	3077361	4620496	58190724
1788706091.184413	3077361	4747216	58190724
1788706092.229259	3077361	5000656	58190724
1788706093.274281	3077361	5241616	58190724
1788706094.319308	3077361	5380816	58190724
1788706095.363736	3077361	5621776	58190724
1788706096.410063	3077361	5760912	58190724
1788706097.454835	3077361	6014352	58190724
1788706098.501027	3077361	6255376	58190724
1788706099.546185	3077361	6394512	58190724
1788706100.591550	3077361	6647952	58190724
1788706101.637057	3077361	6901392	58190724
1788706102.683146	3077361	7142288	58190724
1788706103.728325	3077361	6589652	58190724
1788706104.773304	3077361	4417428	61236624
1788706105.818614	3077361	4625492	58195476
1788706106.863707	3077361	4878932	58195476
1788706107.909195	3077361	5119956	55154328
1788706108.956491	3077361	5259092	55154328
1788706110.002802	3077361	5512532	55154328
1788706111.047818	3077361	5753492	55154328
1788706112.094221	3077361	5892692	55154328
1788706113.139017	3077361	6146068	55154328
1788706114.184711	3077361	6387092	55154328
1788706115.230046	3077361	6526228	55154328
1788706116.275513	3077361	6779668	55154328
1788706117.322822	3077361	7033108	55154328
1788706118.367946	3077361	7159776	55154328
1788706119.413075	3077361	4347756	58200228
1788706120.458276	3077361	4503788	58200228
1788706121.504203	3077361	4905724	58396836
1788706122.545335	3077361	5010668	58200228
1788706123.591160	3077361	5208172	58200228
1788706124.636751	3077361	5390828	58200228
1788706125.681195	3077361	5644268	58200228
1788706126.725669	3077361	5885164	58200228
1788706127.770973	3077361	6024364	58200228
1788706128.815578	3077361	6277804	58200228
1788706129.861517	3077361	6531244	58200228
1788706130.907110	3077361	6657964	58200228
1788706131.953586	3077361	6911404	58200228
1788706132.997895	3077361	7152300	58200228
1788706134.043926	3077361	4124156	58200228
1788706135.087492	3077361	4127932	58200228
1788706136.127820	3077361	4137832	58200232
1788706137.170399	3077361	4158068	58200232
1788706138.210533	3077361	4159416	58203300
1788706139.249574	3077361	4159748	58203300
1788706140.287903	3077361	4193340	58231816
