tracers,direction,threads,method,sample,seconds
1,x,32,serial,0,16.96934700012207
1,x,32,serial,1,0.00016899200272746384
1,x,32,serial,2,0.00011363199882907793
1,x,32,serial,3,0.00010956799815176055
1,x,32,serial,4,0.00011158399865962565
1,x,32,serial,5,0.00010649600153556094
1,x,"(32, 2)",serial,0,0.566234827041626
1,x,"(32, 2)",serial,1,0.00014844800170976669
1,x,"(32, 2)",serial,2,0.00011267200170550495
1,x,"(32, 2)",serial,3,0.00010953599849017337
1,x,"(32, 2)",serial,4,0.00010956799815176055
1,x,"(32, 2)",serial,5,0.00010854400170501322
1,x,"(32, 4)",serial,0,0.5663446187973022
1,x,"(32, 4)",serial,1,0.00014230400847736746
1,x,"(32, 4)",serial,2,0.00010956799815176055
1,x,"(32, 4)",serial,3,0.00010854400170501322
1,x,"(32, 4)",serial,4,0.00010751999798230827
1,x,"(32, 4)",serial,5,0.00010649600153556094
1,x,"(16, 8)",serial,0,0.5629401206970215
1,x,"(16, 8)",serial,1,0.00015052799426484853
1,x,"(16, 8)",serial,2,0.0001126080023823306
1,x,"(16, 8)",serial,3,0.00011161599832121283
1,x,"(16, 8)",serial,4,0.0001105920018744655
1,x,"(16, 8)",serial,5,0.00010854400170501322
1,x,"(16, 4)",serial,0,0.5637842416763306
1,x,"(16, 4)",serial,1,0.00015561599866487086
1,x,"(16, 4)",serial,2,0.00011366399849066511
1,x,"(16, 4)",serial,3,0.00011158399865962565
1,x,"(16, 4)",serial,4,0.0001105920018744655
1,x,"(16, 4)",serial,5,0.00011056000221287832
1,x,"(8, 8)",serial,0,0.6561098694801331
1,x,"(8, 8)",serial,1,0.0001495040050940588
1,x,"(8, 8)",serial,2,0.00011670400272123516
1,x,"(8, 8)",serial,3,0.00011465600255178288
1,x,"(8, 8)",serial,4,0.00011366399849066511
1,x,"(8, 8)",serial,5,0.00011267200170550495
1,x,256,serial,0,0.5506123304367065
1,x,256,serial,1,0.0002529280027374625
1,x,256,serial,2,0.00021196799934841692
1,x,256,serial,3,0.00020790399867109954
1,x,256,serial,4,0.00021708800341002643
1,x,256,serial,5,0.00021302400273270905
1,y,32,serial,0,0.47952213883399963
1,y,32,serial,1,0.00011875200289068744
1,y,32,serial,2,8.700799662619829e-5
1,y,32,serial,3,8.18879998405464e-5
1,y,32,serial,4,7.983999967109412e-5
1,y,32,serial,5,8.089599577942863e-5
1,y,"(32, 2)",serial,0,0.36067995429039
1,y,"(32, 2)",serial,1,0.00011264000204391778
1,y,"(32, 2)",serial,2,8.089599577942863e-5
1,y,"(32, 2)",serial,3,7.881599594838917e-5
1,y,"(32, 2)",serial,4,8.393600000999868e-5
1,y,"(32, 2)",serial,5,7.782399916322902e-5
1,y,"(32, 4)",serial,0,0.3745870888233185
1,y,"(32, 4)",serial,1,0.00011878400255227461
1,y,"(32, 4)",serial,2,8.089599577942863e-5
1,y,"(32, 4)",serial,3,8.601599984103814e-5
1,y,"(32, 4)",serial,4,7.881599594838917e-5
1,y,"(32, 4)",serial,5,7.779199950164184e-5
1,y,"(16, 8)",serial,0,0.37432485818862915
1,y,"(16, 8)",serial,1,0.00011567999899853021
1,y,"(16, 8)",serial,2,8.291199628729373e-5
1,y,"(16, 8)",serial,3,7.881599594838917e-5
1,y,"(16, 8)",serial,4,7.881599594838917e-5
1,y,"(16, 8)",serial,5,7.782399916322902e-5
1,y,"(16, 4)",serial,0,0.36297520995140076
1,y,"(16, 4)",serial,1,0.00011776000610552728
1,y,"(16, 4)",serial,2,8.291199628729373e-5
1,y,"(16, 4)",serial,3,7.98719993326813e-5
1,y,"(16, 4)",serial,4,7.983999967109412e-5
1,y,"(16, 4)",serial,5,7.884799560997635e-5
1,y,"(8, 8)",serial,0,0.3718327581882477
1,y,"(8, 8)",serial,1,0.0001208320027217269
1,y,"(8, 8)",serial,2,8.393600000999868e-5
1,y,"(8, 8)",serial,3,8.191999950213358e-5
1,y,"(8, 8)",serial,4,7.98719993326813e-5
1,y,"(8, 8)",serial,5,8.092799544101581e-5
1,y,256,serial,0,0.3581840693950653
1,y,256,serial,1,0.00019456000882200897
1,y,256,serial,2,0.00015459200949408114
1,y,256,serial,3,0.00015254400204867125
1,y,256,serial,4,0.00015049600915517658
1,y,256,serial,5,0.00015052799426484853
1,z,32,serial,0,0.48787349462509155
1,z,32,serial,1,0.00011776000610552728
1,z,32,serial,2,8.396799967158586e-5
1,z,32,serial,3,8.294399594888091e-5
1,z,32,serial,4,8.291199628729373e-5
1,z,32,serial,5,8.294399594888091e-5
1,z,"(32, 2)",serial,0,0.36445075273513794
1,z,"(32, 2)",serial,1,0.00011776000610552728
1,z,"(32, 2)",serial,2,8.499199611833319e-5
1,z,"(32, 2)",serial,3,8.294399594888091e-5
1,z,"(32, 2)",serial,4,8.086399611784145e-5
1,z,"(32, 2)",serial,5,8.191999950213358e-5
1,z,"(32, 4)",serial,0,0.4039398431777954
1,z,"(32, 4)",serial,1,0.00011980800627497956
1,z,"(32, 4)",serial,2,8.598400017945096e-5
1,z,"(32, 4)",serial,3,8.393600000999868e-5
1,z,"(32, 4)",serial,4,8.294399594888091e-5
1,z,"(32, 4)",serial,5,8.294399594888091e-5
1,z,"(16, 8)",serial,0,0.36792925000190735
1,z,"(16, 8)",serial,1,0.00012492800306063145
1,z,"(16, 8)",serial,2,8.912000339478254e-5
1,z,"(16, 8)",serial,3,8.700799662619829e-5
1,z,"(16, 8)",serial,4,8.598400017945096e-5
1,z,"(16, 8)",serial,5,8.703999628778547e-5
1,z,"(16, 4)",serial,0,0.36865541338920593
1,z,"(16, 4)",serial,1,0.00012182399950688705
1,z,"(16, 4)",serial,2,8.703999628778547e-5
1,z,"(16, 4)",serial,3,8.601599984103814e-5
1,z,"(16, 4)",serial,4,8.393600000999868e-5
1,z,"(16, 4)",serial,5,8.291199628729373e-5
1,z,"(8, 8)",serial,0,0.3664081394672394
1,z,"(8, 8)",serial,1,0.000125919992569834
1,z,"(8, 8)",serial,2,9.219200001098216e-5
1,z,"(8, 8)",serial,3,9.110400424106047e-5
1,z,"(8, 8)",serial,4,8.803200034890324e-5
1,z,"(8, 8)",serial,5,8.80959996720776e-5
1,z,256,serial,0,0.3807283341884613
1,z,256,serial,1,0.00019145599799230695
1,z,256,serial,2,0.00015971199900377542
1,z,256,serial,3,0.00015667200204916298
1,z,256,serial,4,0.00015360000543296337
1,z,256,serial,5,0.00015670398715883493
6,x,32,serial,0,0.0005500799743458629
6,x,32,serial,1,0.000515039952006191
6,x,32,serial,2,0.0004864000075031072
6,x,32,serial,3,0.00048227200750261545
6,x,32,serial,4,0.0004813120176550001
6,x,32,serial,5,0.00047619198448956013
6,x,"(32, 2)",serial,0,0.0005553599912673235
6,x,"(32, 2)",serial,1,0.0005017920047976077
6,x,"(32, 2)",serial,2,0.0004945920081809163
6,x,"(32, 2)",serial,3,0.000497632019687444
6,x,"(32, 2)",serial,4,0.0004976639756932855
6,x,"(32, 2)",serial,5,0.0004945920081809163
6,x,"(32, 4)",serial,0,0.0005415359628386796
6,x,"(32, 4)",serial,1,0.00048643199261277914
6,x,"(32, 4)",serial,2,0.00047920001088641584
6,x,"(32, 4)",serial,3,0.0004802879993803799
6,x,"(32, 4)",serial,4,0.0004802559851668775
6,x,"(32, 4)",serial,5,0.00047926398110575974
6,x,"(16, 8)",serial,0,0.0005721600027754903
6,x,"(16, 8)",serial,1,0.0005017920047976077
6,x,"(16, 8)",serial,2,0.000497632019687444
6,x,"(16, 8)",serial,3,0.0004935680190101266
6,x,"(16, 8)",serial,4,0.0004946239641867578
6,x,"(16, 8)",serial,5,0.0004935680190101266
6,x,"(16, 4)",serial,0,0.0005668159574270248
6,x,"(16, 4)",serial,1,0.0005027840379625559
6,x,"(16, 4)",serial,2,0.0005007360014133155
6,x,"(16, 4)",serial,3,0.0004987199790775776
6,x,"(16, 4)",serial,4,0.0005027840379625559
6,x,"(16, 4)",serial,5,0.0004997120122425258
6,x,"(8, 8)",serial,0,0.0005924800061620772
6,x,"(8, 8)",serial,1,0.0005191680393181741
6,x,"(8, 8)",serial,2,0.0005150719662196934
6,x,"(8, 8)",serial,3,0.0005150719662196934
6,x,"(8, 8)",serial,4,0.000515039952006191
6,x,"(8, 8)",serial,5,0.0005130560020916164
6,x,256,serial,0,0.0010544320102781057
6,x,256,serial,1,0.000965600018389523
6,x,256,serial,2,0.000986080034635961
6,x,256,serial,3,0.0009339200332760811
6,x,256,serial,4,0.0009563839994370937
6,x,256,serial,5,0.000980991986580193
6,y,32,serial,0,0.00028326400206424296
6,y,32,serial,1,0.00023039999359752983
6,y,32,serial,2,0.00022835200070403516
6,y,32,serial,3,0.00022732799698133022
6,y,32,serial,4,0.00022630399325862527
6,y,32,serial,5,0.0002253119891975075
6,y,"(32, 2)",serial,0,0.00028131197905167937
6,y,"(32, 2)",serial,1,0.0002273599966429174
6,y,"(32, 2)",serial,2,0.0002242560003651306
6,y,"(32, 2)",serial,3,0.00022319999698083848
6,y,"(32, 2)",serial,4,0.0002222079929197207
6,y,"(32, 2)",serial,5,0.00022323199664242566
6,y,"(32, 4)",serial,0,0.00029984000138938427
6,y,"(32, 4)",serial,1,0.0002313919976586476
6,y,"(32, 4)",serial,2,0.00022524798987433314
6,y,"(32, 4)",serial,3,0.00022528000408783555
6,y,"(32, 4)",serial,4,0.0002242560003651306
6,y,"(32, 4)",serial,5,0.0002242560003651306
6,y,"(16, 8)",serial,0,0.00029580798582173884
6,y,"(16, 8)",serial,1,0.00023756800510454923
6,y,"(16, 8)",serial,2,0.0002313919976586476
6,y,"(16, 8)",serial,3,0.00023036800848785788
6,y,"(16, 8)",serial,4,0.00023142399732023478
6,y,"(16, 8)",serial,5,0.00023036800848785788
6,y,"(16, 4)",serial,0,0.0002906559966504574
6,y,"(16, 4)",serial,1,0.00022940798953641206
6,y,"(16, 4)",serial,2,0.00022630399325862527
6,y,"(16, 4)",serial,3,0.00022630399325862527
6,y,"(16, 4)",serial,4,0.00022528000408783555
6,y,"(16, 4)",serial,5,0.00022630399325862527
6,y,"(8, 8)",serial,0,0.0003138239844702184
6,y,"(8, 8)",serial,1,0.0002498239919077605
6,y,"(8, 8)",serial,2,0.00023756800510454923
6,y,"(8, 8)",serial,3,0.00023654400138184428
6,y,"(8, 8)",serial,4,0.00023859199427533895
6,y,"(8, 8)",serial,5,0.00023753600544296205
6,y,256,serial,0,0.0005080959526821971
6,y,256,serial,1,0.0004536320047918707
6,y,256,serial,2,0.00045465599396266043
6,y,256,serial,3,0.0004413439892232418
6,y,256,serial,4,0.00043212799937464297
6,y,256,serial,5,0.00043516801088117063
6,z,32,serial,0,0.00029411198920570314
6,z,32,serial,1,0.0002467840095050633
6,z,32,serial,2,0.0002426879946142435
6,z,32,serial,3,0.0002426879946142435
6,z,32,serial,4,0.0002416640054434538
6,z,32,serial,5,0.0002416320057818666
6,z,"(32, 2)",serial,0,0.00029539200477302074
6,z,"(32, 2)",serial,1,0.0002488000027369708
6,z,"(32, 2)",serial,2,0.00024374399799853563
6,z,"(32, 2)",serial,3,0.00024374399799853563
6,z,"(32, 2)",serial,4,0.00024271999427583069
6,z,"(32, 2)",serial,5,0.00024265600950457156
6,z,"(32, 4)",serial,0,0.0003218240162823349
6,z,"(32, 4)",serial,1,0.00025395199190825224
6,z,"(32, 4)",serial,2,0.0002498560061212629
6,z,"(32, 4)",serial,3,0.00024886400206014514
6,z,"(32, 4)",serial,4,0.00024883198784664273
6,z,"(32, 4)",serial,5,0.00024988799123093486
6,z,"(16, 8)",serial,0,0.000322016014251858
6,z,"(16, 8)",serial,1,0.00026521598920226097
6,z,"(16, 8)",serial,2,0.0002642239851411432
6,z,"(16, 8)",serial,3,0.00026316801086068153
6,z,"(16, 8)",serial,4,0.00026214399258606136
6,z,"(16, 8)",serial,5,0.00026211197837255895
6,z,"(16, 4)",serial,0,0.0003154880250804126
6,z,"(16, 4)",serial,1,0.00026211197837255895
6,z,"(16, 4)",serial,2,0.0002559680142439902
6,z,"(16, 4)",serial,3,0.00025395199190825224
6,z,"(16, 4)",serial,4,0.00025398400612175465
6,z,"(16, 4)",serial,5,0.00025395199190825224
6,z,"(8, 8)",serial,0,0.00033180799800902605
6,z,"(8, 8)",serial,1,0.0002815999905578792
6,z,"(8, 8)",serial,2,0.0002785279939416796
6,z,"(8, 8)",serial,3,0.00027951999800279737
6,z,"(8, 8)",serial,4,0.0002775040047708899
6,z,"(8, 8)",serial,5,0.00027849600883200765
6,z,256,serial,0,0.0004496320034377277
6,z,256,serial,1,0.0003952959959860891
6,z,256,serial,2,0.0003973119892179966
6,z,256,serial,3,0.00038812801358290017
6,z,256,serial,4,0.0003860160068143159
6,z,256,serial,5,0.0005099520203657448
32,x,32,serial,0,0.0025221440009772778
32,x,32,serial,1,0.002374656032770872
32,x,32,serial,2,0.002388992113992572
32,x,32,serial,3,0.0023705922067165375
32,x,32,serial,4,0.0023756481241434813
32,x,32,serial,5,0.0023725759238004684
32,x,"(32, 2)",serial,0,0.0024989440571516752
32,x,"(32, 2)",serial,1,0.002439199946820736
32,x,"(32, 2)",serial,2,0.0024289279244840145
32,x,"(32, 2)",serial,3,0.002432991983368993
32,x,"(32, 2)",serial,4,0.0024207360111176968
32,x,"(32, 2)",serial,5,0.0024299519136548042
32,x,"(32, 4)",serial,0,0.002480096183717251
32,x,"(32, 4)",serial,1,0.0024135680869221687
32,x,"(32, 4)",serial,2,0.002403327962383628
32,x,"(32, 4)",serial,3,0.002406399929895997
32,x,"(32, 4)",serial,4,0.002406399929895997
32,x,"(32, 4)",serial,5,0.0024043519515544176
32,x,"(16, 8)",serial,0,0.002518879948183894
32,x,"(16, 8)",serial,1,0.0024258880876004696
32,x,"(16, 8)",serial,2,0.002425856189802289
32,x,"(16, 8)",serial,3,0.002428896026685834
32,x,"(16, 8)",serial,4,0.002425856189802289
32,x,"(16, 8)",serial,5,0.002438175957649946
32,x,"(16, 4)",serial,0,0.0025551358703523874
32,x,"(16, 4)",serial,1,0.0024729599244892597
32,x,"(16, 4)",serial,2,0.002463711891323328
32,x,"(16, 4)",serial,3,0.0024719040375202894
32,x,"(16, 4)",serial,4,0.002468863967806101
32,x,"(16, 4)",serial,5,0.002461695810779929
32,x,"(8, 8)",serial,0,0.002641216153278947
32,x,"(8, 8)",serial,1,0.0025927680544555187
32,x,"(8, 8)",serial,2,0.002557951956987381
32,x,"(8, 8)",serial,3,0.0025661441031843424
32,x,"(8, 8)",serial,4,0.0025692160706967115
32,x,"(8, 8)",serial,5,0.00257536000572145
32,x,256,serial,0,0.004876864142715931
32,x,256,serial,1,0.004846591968089342
32,x,256,serial,2,0.004888543859124184
32,x,256,serial,3,0.0047667198814451694
32,x,256,serial,4,0.004891647957265377
32,x,256,serial,5,0.0048178876750171185
32,y,32,serial,0,0.0010490239365026355
32,y,32,serial,1,0.0009840639540925622
32,y,32,serial,2,0.0009789440082386136
32,y,32,serial,3,0.0009758719825185835
32,y,32,serial,4,0.0009758719825185835
32,y,32,serial,5,0.0009758399683050811
32,y,"(32, 2)",serial,0,0.0010345280170440674
32,y,"(32, 2)",serial,1,0.000985087943263352
32,y,"(32, 2)",serial,2,0.0009687040001153946
32,y,"(32, 2)",serial,3,0.000970751978456974
32,y,"(32, 2)",serial,4,0.0009666560217738152
32,y,"(32, 2)",serial,5,0.0009656320326030254
32,y,"(32, 4)",serial,0,0.0010707839392125607
32,y,"(32, 4)",serial,1,0.0010004800278693438
32,y,"(32, 4)",serial,2,0.0009922879980877042
32,y,"(32, 4)",serial,3,0.0009922239696606994
32,y,"(32, 4)",serial,4,0.0009932799730449915
32,y,"(32, 4)",serial,5,0.000991231994703412
32,y,"(16, 8)",serial,0,0.0010939199710264802
32,y,"(16, 8)",serial,1,0.0010148159926757216
32,y,"(16, 8)",serial,2,0.00101171201094985
32,y,"(16, 8)",serial,3,0.0010096640326082706
32,y,"(16, 8)",serial,4,0.001016800059005618
32,y,"(16, 8)",serial,5,0.001008640043437481
32,y,"(16, 4)",serial,0,0.0010713599622249603
32,y,"(16, 4)",serial,1,0.0010137599892914295
32,y,"(16, 4)",serial,2,0.0010024959919974208
32,y,"(16, 4)",serial,3,0.0009994240244850516
32,y,"(16, 4)",serial,4,0.001001472002826631
32,y,"(16, 4)",serial,5,0.0009973440319299698
32,y,"(8, 8)",serial,0,0.0011235199635848403
32,y,"(8, 8)",serial,1,0.0010557760251685977
32,y,"(8, 8)",serial,2,0.0010444800136610866
32,y,"(8, 8)",serial,3,0.0010414079297333956
32,y,"(8, 8)",serial,4,0.0010414079297333956
32,y,"(8, 8)",serial,5,0.0010403840569779277
32,y,256,serial,0,0.001749376067891717
32,y,256,serial,1,0.0016906559467315674
32,y,256,serial,2,0.0016773120732977986
32,y,256,serial,3,0.0016834239941090345
32,y,256,serial,4,0.0016762559534981847
32,y,256,serial,5,0.001721343956887722
32,z,32,serial,0,0.0012003519805148244
32,z,32,serial,1,0.0011356159811839461
32,z,32,serial,2,0.0011243519838899374
32,z,32,serial,3,0.0011233279947191477
32,z,32,serial,4,0.0011181760346516967
32,z,32,serial,5,0.0011202240129932761
32,z,"(32, 2)",serial,0,0.0011941440170630813
32,z,"(32, 2)",serial,1,0.0011294720461592078
32,z,"(32, 2)",serial,2,0.00111721595749259
32,z,"(32, 2)",serial,3,0.0011161600705236197
32,z,"(32, 2)",serial,4,0.00111721595749259
32,z,"(32, 2)",serial,5,0.0011202559107914567
32,z,"(32, 4)",serial,0,0.0012291839811950922
32,z,"(32, 4)",serial,1,0.001163264038041234
32,z,"(32, 4)",serial,2,0.0011632959358394146
32,z,"(32, 4)",serial,3,0.0011642560129985213
32,z,"(32, 4)",serial,4,0.0011571199866011739
32,z,"(32, 4)",serial,5,0.0011611839290708303
32,z,"(16, 8)",serial,0,0.0013586879940703511
32,z,"(16, 8)",serial,1,0.0012994559947401285
32,z,"(16, 8)",serial,2,0.0012768959859386086
32,z,"(16, 8)",serial,3,0.0012973760021850467
32,z,"(16, 8)",serial,4,0.0012872000224888325
32,z,"(16, 8)",serial,5,0.0012902079615741968
32,z,"(16, 4)",serial,0,0.0013053439324721694
32,z,"(16, 4)",serial,1,0.0012441601138561964
32,z,"(16, 4)",serial,2,0.0012451839866116643
32,z,"(16, 4)",serial,3,0.0012441601138561964
32,z,"(16, 4)",serial,4,0.0012267520651221275
32,z,"(16, 4)",serial,5,0.0012267520651221275
32,z,"(8, 8)",serial,0,0.0015328320441767573
32,z,"(8, 8)",serial,1,0.0014807360712438822
32,z,"(8, 8)",serial,2,0.0014797119656577706
32,z,"(8, 8)",serial,3,0.0014745279913768172
32,z,"(8, 8)",serial,4,0.001478687976486981
32,z,"(8, 8)",serial,5,0.0014786560786888003
32,z,256,serial,0,0.0018412480130791664
32,z,256,serial,1,0.001772543997503817
32,z,256,serial,2,0.0017131520435214043
32,z,256,serial,3,0.0017121280543506145
32,z,256,serial,4,0.0017111359629780054
32,z,256,serial,5,0.0017623360035941005
